[
    {
        "num": "1",
        "hanzi": "一乙"
    },
    {
        "num": "2",
        "hanzi": "二丁乃入了人刀刁力匕卜又"
    },
    {
        "num": "3",
        "hanzi": "三丈上下久夕仃乞干刃千口土士大女子于小山川工己已巾夕弓才万丸凡"
    },
    {
        "num": "4",
        "hanzi": "四不中丹之予互井亢仆仂介仇今仍什仁允内公分切勿化匹午升卞友及反王壬天太夫孔少尤尹巴幻引心户尺犬手支文斗斤方日曰月木欠止比毛氏气水火爪父牛丑元兮屯吊片牙"
    },
    {
        "num": "5",
        "hanzi": "五且丕世丙主丼乍乏乎仔仕他仗付仙仝代令以兄冉冬出刊加包北半占卯句可右古司史台只叮召另外尻尼左巧巨市布平幼庀弁弘必戊扎旦札未末朮正母民永玄玉甘生用田甲申由疋白皮皿目矢石示禾穴立弗丘凸凹央本瓜"
    },
    {
        "num": "6",
        "hanzi": "六亘亥交亦仰仲休仵件价任份仿企伉伊伋伍伐先光充全共再冰列劦匡卉印各合吉同名后向吊吏回因在地圭圳夙多夷夸好如奾妁妅妃字存宅宇守安寺尖屹州帆式弛戌戎打收旭早旬旨曲有朱朴朵次此泛汀求灰牟百竹米纟羊老而耳肉臣自至臼舌舟色艹虫血行衣羽丞兆年曳艮西"
    },
    {
        "num": "7",
        "hanzi": "七串些亨伯估伴伶伸伺似伽但伫布位住佐佑何余佛作佞佉佢占畲佟佚克兑色免兵冶冷初判别助努劭卵即卲垂坪夜奉姊武版君吟含听呈吴吸吹吻吾告吩呆囤囫坊坎坐坑址均圻壮雨非夹妙妆妍妤妥妨妘妞姘妏孜孝宋完宏尾局岌岐庈巡巫希序床延廷弄弟彤形役忌刃忍忖志成我戒扣托攸改攻旰更杉李杏材村杖杜杞束步每池泛汐汝江灸灼灶牡牢玎甫男町皂私秀究系良见角言谷豆贝赤走足身车辛辰邑里卑"
    },
    {
        "num": "8",
        "hanzi": "八并乖乳事亚享京佩佳使佶来侔例侁供依佼仑佰并侄儿两其具到制刷刻劼匊匋卓协卦卷叔取受周味命和咖囷固坡坤坦奇妲妹妻妾姁姆姐姑姓委妮孟季宓宗官宙定宛宜尚届居屈冈岱岳岵岷岸岠岩帑帖帛幸底店庚府弦彼征佛忠快忭忱念忻笺或所扭扶批承技抉把抒投抗折扮抄放政于旺旻昂昆升昉昊昌明易昔昕昀朋服杭杯东杲杳杵松板枕林枚果枝枇枋杷杰欣歧汪汯汲汶决汾沁沂沃沅沈沐沓冲沙沛汭沏汽炊炎炒炔炅炘爬争爸牧物状狄玖玕玓玗的盱盲知矼社祁礿秉穹空纠肋肌卧舍艾虎表轧采金长门阜隹青"
    },
    {
        "num": "9",
        "hanzi": "九亮亭侯侣便系促俄俊俏俗保侠信俣俍俐俞俋冒冠则前劲勃勇勉匍南却即厚咥咨品唒哄咪哈咭型垠垣垚奎奏奂契奕姜姝姣姤妍姺姿威娃姱姮姞姬姳姴姵客宣室宥宦封屋屏峒峙巷帝帅幽度庤建弈弭彖彦待很律后思怡性怜怳抱抽拂拉拌拍拓拔招拜拆抻故施星映春昧昨昭是昶昫昳昱曷柿架枸柄柏柳染柘柚查柯柱柴柒栅柜毖毗河沸油治沼沽沿段况泂泅泉泊泓法泥注泮泰泱泳泌炫炬炭炮炯炳炷照爰牁玠玦玩玫玟珏玥甚畇界畈癸皆皇皈盈相省盼盾眉看矜砂祇祈祉禹秋科秒种穿突竽纪约红紃罕罔美羿耎耶肖肚肝芃芍芒芎芊虹衍衎衫要觔订訇计贞负赳轨军酋闩革韦音页风食首香俅姚柔柬狐罡纫面飞"
    },
    {
        "num": "10",
        "hanzi": "十乘修俱俸倅并俩仓倍个幸候倚借借值倩倪伦倓倘倞倬们倢党冥凌冻准凄刚勍原厝叟员哨哲呗唐圃城埔埕埌奘奚套娉娑娓娘娌夏娜娟娥娙孙宫宰宴宸容宬射展峨峰峻峡峪峿峮崁师席座库庭弱徐径徒恂恒恒恔恕恝恢恤耻恩恪恬息恰恁扇扆拯拱拾持挂指挈按拴拿挐效敉旁旅旆晏时晋晃晅晁拳非俾兼哥家岛恭晊书朔朕栓栗校栩株核根格栽桀桁桂案桐桑桓桔框桌桉殷气氧洋洙洚洛洞津洧洪洲洸洹活洽派流洵洊洌洗洒洨洮洱洳洺烈烋乌烘烊烜爹特玲玳玻珀珈珂珍珅玶玵甡畔畛玹畜亩玵留皋益盎真矩砥炮秘祖祚祜祝祇神祠祏祛佑租秤秦秩秘窅窈站笑笈笆笏粉纭纹纳纽纾纯纱纮级纴素纺索紞纸纷缺耕耘者珊翁耽耿股肥肩肪肯育肴肸肺肱致航般舫芙芝芥芩芨芬芭芮花芳芷芸刍芾芫芯芹虔衷芽袁衿讯讨吁训托记岂豹财贡起躬轩迅迄邕邗邛酌配酎酒钉钊针闪只隼骨鬲釜马啡桃几彧"
    },
    {
        "num": "11",
        "hanzi": "干偃偰偲侧侦偎偌做冕凰剪副勒动勖务勖匏匾区卿售唯唱商啤念哑唪国囵域埤培基堂坚埼埥埩埜堉够娄婆婉婕妇婀婚婠婍婧婝婛婌宿寂寄密寇将尉专屏崇崎崔崖崚峥崧昆岗崟仑巢胀带常庵庶康张强弸彩彪雕彬得从御徕悃悦悌悍悟悠患悊戚扈振挹挺捌捐挽鈙教敏救敖敕斛斜旋旌族既晚晤晦假斌悉直执孰启参晨晛晢晟画晞曹曼朗望桶梅梏梓条梢梧梭梯械梵杆梨梃欲亳球氢浙浚浡浤浥浦浩浪浮浴海浧涂泾消涉涓浭浯涌烹烽烺炯焊爽狼珞珠珥珫班珓珙珣珩佩珪珖珘瓷瓶甜产畤畦略异皎盒盔毕牵率粱眼眭眴朱研祥祧眺票祭移窕竟笙笠笛笭笥笪符第笳粗粒粕紫紬累细绂绅纻绍绀紽终组绊紾扎絁弦罟羚翎翊翌习聆聊胥胃胄背胎胖胞胡胤舲舳舵舶舷舸船苑苔苗苟苞苡若苎英苹苻苾茂范茄茅茆苺苤苣茁苓处蛇蛋蚵术衒袈袋袍袖被衮袢规讼欣诀访设许货贩贯责软迎近那邦酖野钓扣钏钒钐焊闭雩雪顶顷馗鱼鸟鹿雀麦麻"
    },
    {
        "num": "12",
        "hanzi": "傅杰备伞云效傀凯剩割创剀胜劳勋博喈喜喤乔单喻吃喨围圌堡堪堰报场堤壹壸奢婷婺媒富寒寓寔寻尊媚媛娲媜媗媏媄就屠嵇嵋嵌岚嵂崴嵑嵁崷崼岩巽帽帏幅帧强彭复循情惇惜惠扉捧拾卷捷捺掀抡授掌排挂探掣接推掬采敞敢敦斐斑斯景晰晴晶智晾替最朝期棉棋棍棒棘栋棠棣栈椒森栖椅植棱棹款殖壳毯涯普曾液涵凉淅淋持淞淑凄淼淖淇净浅添淮深渌淳混淦淀淙涮淡焙焚焜无焦焮然焱焯焰为牌猛猜猗现球琅理琇琉珵珺琁琈苏宁番画畯异疏登发皓盛睎矞砚硬税程稍窗童竣笔筌笋筏筒筋答策粟结绚给绒絪统丝绛絓络绝絮翔胭能脂脉胸舒舜茗荔茨茯茱兹茴茵茶茸茹荀荅荆草荏荐茜荃茺蛙蛭街衖裁袾覃视诊注证訾诏评诎词詅咏诒貂贮贰贵买贷贶费象众贺赀趁超越跋跑跆轸轴辜述迥迦迪邯邰邸酣酤酥酡釉量钞钮钧钤钫开闳闰闲闲间闵阪阮防雄雅集雁雇雯雰云项顺须驭冯黄黍黑粤姱渊荑"
    },
    {
        "num": "13",
        "hanzi": "催佣传债仅佥偬僊倾凗募势勤绩汇嗣嗃园圆块垲塑塔涂塘塞填塨壸媲嫈媱婺媶媾嫁嫄袅媺媹嫆嫊寖嵩干厦廉厨汇微恽想惺愈愉愊意愔愚爱惬感愐愉愃戡戢掾揆描提扬换握揭挥援敬斒新暄晖旸暖暐会椿楂杨枫楔楚榆楣桢业楮楯楷椰楙楦椲楠歆毓岁殿涣渚减渝渟渠渡渤渥涡测港游浑凑湍湓湔湖湘湛湜湮汤湲湃渫渭渰渲渼湄湎湑湟涌湉渨渮炼拣煌煜煤焕煦照煨炀煲熙炜暖烟爷牒猷琖琚琛琢琥琨琪琬琮管琰琳琴琵琶琦珐琲琤琝琠琣琭琱当畹皙盟盏睛睢督睦睫睒睟睪睁睬碌碑碏碇碉碰碗祺祼禄禁禂稔禀稠稚稑棱竫筠筥筵筮粱粲绢絿绡绨絺绥经絪群羡义圣聘肆脱脚舅艇艅荷荻庄莒莓茎莘莞荚苋莪莫莆莉莎虞号蛾蜀蜂衙里裔裕裘补装裟里解诩询诣试诜詹詻豋豊赁资贾跬迹跨路跳轼较载轾辁辂辟农回追送退邽邾郁郅郇邢合郊郈酬铃钿巨铉刨鉏钳铅钺钰钩钲钴铍钾铋铈铂铀钶钼钽鉯鉧铊鉲閟阿陂附雉雍零雷电靖靳靴顼颂颀颁顿预饪饮饭驰驯馰驮鸠鼓鼠鼎极隽媲媜须肃修"
    },
    {
        "num": "14",
        "hanzi": "像侨僚僭僦僧僩侥僖雇僎僔兢划匮嘉嘏图团堑塾境墅墉垫墐塽寿梦夺奖嫥嫚嫡嫣嫩嫪嫫嫘嫦寞察寡寝寤寥实宁对屡嵝嶂崭幔幕幛幙廓廖彄彯彰恺慎愿懑慆殷慈态愫截戬搏摇搨搭搴搓搪搬搞斡旗旖畅暠榔榕榜榭荣槊构构槐榴盘杠坡谷榞櫌榐榶榣温源准溜沟溟溢溥溪溯溱溧溶滂沧灭滇滋荥滑滔滕滉溎熊熏荧煽熔熇熅炝尔犒狮瑗瑛瑄瑀珲瑙瑂瑆玮瑍瑎瑑瑚瑜瑞瑟瑁瑕甃甄监尽睽睿睹瞄硕碞碣碧碫碟碳碠祎禖禘禈禐种称窝竭端笺筝箔算箕管个箐箖粹精综绿绸綦绶维绾纲网缀彩纶绮绽绰绫缁紧绯绺绵绲綷緌缍緁緀綪緆罨罩罫置翟翠闻肾臧台舞聚艋菀菅菊菖菘菜菠华菇菰菁菲烟菽萁萃萄苌菿莱萋萌萍萎菩菱庵菶菼菉荆菾蜜裯裱裳裴制褂认志誓诞诚诫语诰诵说豪貌赈宾赇赫赵赶辅轻逍透逐逑径途盒逗这通逞速造逢连郝郜郎郏郡郗郄酸银铰铜铵铣铨铭铫衔铦阁合闺闻闽阀降限雒需靼韶领饴飶饰饲馝駃驳髦魁魂凤鸣齐鼻裹翡嘒犹翛榷"
    },
    {
        "num": "15",
        "hanzi": "价僾仪侬亿侩俭儇凛刻劈刘剑劢厉嘴嘹嘻啴噉墟增墣墨墩奭嬉妩娴妫娆婵娇嫷婳嫽娴嬁审啸写宽寮寪层嶒嶙履嶝峤峣嵚廛厮庙厂廞弹影征彻德惯慥慷慺慬慧慰慕虑摘摹挚敷数暵概乐槿桩樟樊楼标樛枢模样樠梁叹欧毅沪涤滴浒满渔漂漆漙演漕漠涟漪汉漳涨渐颍熠熯熟颎熝莹庆瑶琅瑰瑱玛瑳玱瑢瑮畿皑皜盘确碾码磁磋硙磈碻磊盘磎稻稽箴节篁范篇篆糊绪缄线缃緷缔缘编缈缓纬练缇致署翦翥翚翩脑腰脚腹铺艎万葟萱葧落叶葰着葛葡董苇葩葫药葳葵萩葆荭葱兴憩养蒂葎蝙蚀蝗蝠虾蝴蝶冲卫复裈袆褚褕褓谂课谊调谆谈诿请诤诹谅论誾竖赐赏贤卖赋质趣践踏踞辆辉辇辈轮周进逵部郫郭郯郴郳邮醇醉锐销铝鋐锌锋铻锓鋕铖铺钡闾阅陛升陟院阵除震霄霈靓鞍鞋巩颉颐饺饷养逸耦饼驻驾驸驶驼发魄鲁鸦麃黎齿"
    },
    {
        "num": "16",
        "hanzi": "傧儒俦侪尽冀凝剂勋叡器侩喷吨圜垦壁坛墙奋嫱嫒学寰导峄崄廨廪强徼怜憬憭凭憩憨战撤拨撖撙播撩撰撮抚整敲暹历晔曈晓暸暾朴桦橄樽树桥橙橘橡历洁潜潘潢潞涧潦润潭潮潼潺潝潀澄澈澎澍澐涝澌澔汌潗潾潠潡潣潧澋澕澖炽灯燃燎烧熹燕烫燂燏烨磷炖瑽瑾璀璇璃璆琏璋璊璁璅瑼砖磨磬稣颖穆积筑笃篔篙糕糖萦县缙缊缜羲翯翰膏臻举艗蒙蒜蒯蒲苍蒿蓁蓄蓉盖蓓蒨蓊莅蓎融萤衡亲谋谕谛谐谏谘谙谞谌诸谚诺谓諴諟豫赖辑输辐办辨逼遁遂遇运遍过道遒达都鄂郓醒醍醑锯钢录锥锤铮錞锭锜钱锦锡锟表錧阎阴陲陈陵陶陆雕霍霏沾霓霖静靛鞙头頵频餐餔余馞骆鲍鸰鸳鸯鸭龙龟蒸卫颖"
    },
    {
        "num": "17",
        "hanzi": "偿优励勴压壑壔壖婴嫔嬥嬣嬨孺徽忆懂懔怿应懃恳懋屦嵘岭屿岳帱帮幪弥埙憼戏擂拥擅操担择据捡擎敛橿檀档桧檡檍检樯机檄敛毡澥泽澳澶澭激浊浓营燧灿烛燮燡墙独璟璘璜璞璠璐皤瞬瞰瞭瞵矫矶磴磷磺礁礅磻禧禅禨穗筱篷簌篡缝缚纵缩缦演缕缥总繁绩缪罄耧联聪声耸肤膜胶膛临蓬莲苁蔤蔓蔚蔡蒋葱蔬卜荫蔘蔗螺襄觊觏誊謓豁溪购赛剩蹈蹎蹇舆辖辕逊遥递远乡邹趋邬酝锷炼锅镀锻键针钟镁锴锽闱阔阑板阇阳隆堤阶隈隋队隍虽霜霞霙鞠韩饯馆馡骋骏骎鲜鸽鸿点黛斋龠篓撼"
    },
    {
        "num": "18",
        "hanzi": "储儭儱垒嬴彝蒙懑戴擢摈搁举断曙曜曛柠柜台槟棹归泞蒙濠济涛濡濯浚潍滨湿耀熏获爵瑷璧环璨珰璱皦瞻瞿础礼穑秾简篑簧粮缯织缮翻绕绣箫翼翘职聂膳旧蕃蕉蕊荞芸蕙萧荡蒍蟠蝉虫蟜覆觐觞谟谪谨謰謦讴豂丰跸迟适鄢医酱厘锁镃镑镕鎗铠镐镇镒钨镏阗闿阖阙双鸡杂鞫鞮韪额题颜颙颛馥骑骐騉松鲤鲨鹃鹄鹉魏彉"
    },
    {
        "num": "19",
        "hanzi": "儴勷向嚭垄宠宝巃庐庞懰撷扩攀旷栎橱泺滤浏滢烁猎兽玙璇玺瓣疆畴祢祷稳获签帘簿缴绎系繶膺绳嬿呖臂薄薡蕾薀薆薇荟芗薏薐姜蔷薛薪蚁蟾裆核覶证识谭谱嘻譔譓赠赞赟轿辞遴遵选遗辽邓郑邻郸醮链镠铿锵镗镛镜镖镂镆镝关际障离雾韬韫韵顗愿颠类鲸鹏麒丽牍"
    },
    {
        "num": "20",
        "hanzi": "劝严壤宝巉岿怀悬拢旟曦胧栌栊泸濒瀚沥潇瀛濑泷潆炉献琼瓅皪矍砾砺矿窦竞篮筹籍纂繻缤继纁聍罴翿耀耞舰艨萨薯熏薸薷薹荠藇藉蓝薳襦觉触议警译赢趸邀迈还醴释钟镣镫镡铧阚阐露飘馨鳅咸黥龚腾面党龄龚藏邻"
    },
    {
        "num": "21",
        "hanzi": "俪攒巍攘栏樱榉弥瀼澜烂爚珑坜属眬籓籔藤缬续纆藜艺藟藤药藩薮腊蜡袜览护诪誉赑赣跃轰辩迩邃醺镯铁镮铎镭镱鐻辟闼随隧险霸韡顾馔饶蓦驱莺麝边霁隮鹢"
    },
    {
        "num": "22",
        "hanzi": "俨傥囋娈孋孪峦巑巅弯懿欢携摄权欢灌沣灈爟爝璎瓖迭礡禳禴穰竞箓笼籛籴听胪垆舻蔺苈蕲蔼藻藿蘅芦苏蕴苹蘤藷衬袭觌读审赎躔踯跞轹辔邝镬镔铸鉴鉴隐边缰鞑响颤飨飨饔骄骅骁须鳗鹧鸥龚龢"
    },
    {
        "num": "23",
        "hanzi": "孍岩恋戁攒摊挛晒栾椤欐洒滩瓘皭签钥缨纕纤羇蘧藓蘩兰蠲襕变雠铄鏔鑢显餍饛验惊驿髓体鳞鹭鸶燕霉麟鳌燕跻鹤龛"
    },
    {
        "num": "24",
        "hanzi": "孎瓒矗笾脏蚕衢让艳赣酿鑫炉陇雳霭叇灵千骤碱盐"
    },
    {
        "num": "25",
        "hanzi": "厅揽榄灏灞鸂瓛蛮篱缵萝观讙讘蹑酆钥镶鑮叆黉"
    },
    {
        "num": "26",
        "hanzi": "湾瞩赞逻酾镊鑵驴"
    },
    {
        "num": "27",
        "hanzi": "滦缆谳谠锣钻銮骧骥鳄"
    },
    {
        "num": "28",
        "hanzi": "戆艳凿驩鹦"
    },
    {
        "num": "29",
        "hanzi": "骊鹳郁"
    },
    {
        "num": "30",
        "hanzi": "鲡鸾鹂"
    },
    {
        "num": "31",
        "hanzi": ""
    },
    {
        "num": "32",
        "hanzi": "吁"
    },
    {
        "num": "33",
        "hanzi": "麤"
    }
]