[
    {
        "day": "初一",
        "weight": "0.5"
    },
    {
        "day": "初二",
        "weight": "1.0"
    },
    {
        "day": "初三",
        "weight": "0.8"
    },
    {
        "day": "初四",
        "weight": "1.5"
    },
    {
        "day": "初五",
        "weight": "1.6"
    },
    {
        "day": "初六",
        "weight": "1.5"
    },
    {
        "day": "初七",
        "weight": "0.8"
    },
    {
        "day": "初八",
        "weight": "1.6"
    },
    {
        "day": "初九",
        "weight": "0.8"
    },
    {
        "day": "初十",
        "weight": "1.6"
    },
    {
        "day": "十一",
        "weight": "0.9"
    },
    {
        "day": "十二",
        "weight": "1.7"
    },
    {
        "day": "十三",
        "weight": "0.8"
    },
    {
        "day": "十四",
        "weight": "1.7"
    },
    {
        "day": "十五",
        "weight": "1.0"
    },
    {
        "day": "十六",
        "weight": "0.8"
    },
    {
        "day": "十七",
        "weight": "0.9"
    },
    {
        "day": "十八",
        "weight": "1.8"
    },
    {
        "day": "十九",
        "weight": "0.5"
    },
    {
        "day": "二十",
        "weight": "1.5"
    },
    {
        "day": "廿一",
        "weight": "1.0"
    },
    {
        "day": "廿二",
        "weight": "0.9"
    },
    {
        "day": "廿三",
        "weight": "0.8"
    },
    {
        "day": "廿四",
        "weight": "0.9"
    },
    {
        "day": "廿五",
        "weight": "1.5"
    },
    {
        "day": "廿六",
        "weight": "1.8"
    },
    {
        "day": "廿七",
        "weight": "0.7"
    },
    {
        "day": "廿八",
        "weight": "0.8"
    },
    {
        "day": "廿九",
        "weight": "1.6"
    },
    {
        "day": "三十",
        "weight": "0.6"
    }
]