[
    {
        "weight": "21",
        "content": "短命非业谓大空，平生灾难事重重，凶祸频临陷逆境，终世困苦事不成。",
        "intro": ""
    },
    {
        "weight": "22",
        "content": "身寒骨冷苦伶仃，此命推来行乞人，劳劳碌碌无度日，终年打拱过平生。",
        "intro": ""
    },
    {
        "weight": "23",
        "content": "此命推来骨格轻，求谋作事事难成，妻儿兄弟应难许，别处他乡作散人。",
        "intro": ""
    },
    {
        "weight": "24",
        "content": "此命推来福禄无，门庭困苦总难荣，六亲骨肉皆无靠，流浪他乡作老翁。",
        "intro": ""
    },
    {
        "weight": "25",
        "content": "此命推来祖业微，门庭营度似稀奇；\r<BR>六亲骨肉如冰炭，一世勤劳自把持。",
        "intro": ""
    },
    {
        "weight": "26",
        "content": "平生衣禄苦中求，独自营谋事不休，离祖出门宜早计，晚来衣禄自无休。",
        "intro": ""
    },
    {
        "weight": "27",
        "content": "一生作事少商量，难靠祖宗作主张，独马单枪空做去，早年晚岁总无长。",
        "intro": ""
    },
    {
        "weight": "28",
        "content": "一生行事似飘蓬，祖宗产业在梦中；\r<BR>若不过房改名姓，也当移徒二三通。",
        "intro": "此命为人多才能，心机灵巧，祖业凋零，&nbsp;离乡别境可成事业，兄弟多力，驳杂多端，&nbsp;为静处安然，出外有人敬重，可进四方之财，&nbsp;有贵人扶持，逢凶化吉，勤俭一生无大难，&nbsp;只是救人无功，恩中招怨，重义轻财，易聚易散，早年不能聚财，三十三方知艰难，凡事顺意，三十八。九。四十岁，称心如意，末限福如东海，寿比南山，只是妻宫有克，三子送终。寿元六十九，闯过八十一，卒于三月之中。&nbsp;\r<BR>"
    },
    {
        "weight": "29",
        "content": "初年运限未曾亨，纵有功名在后成；\r<BR>须过四旬才可立，移居改姓始为良。",
        "intro": "此命为人性燥，心直口快，有才能，&nbsp;见善不欺，见恶不怕，兄弟六亲无力，量能宽大，但不能聚财，事有始终。&nbsp;自立家计，出外方好，初限二十二。三至二十四。五不遂，二十七。八有好运到，犹如枯木逢春，中限四十九有险，五十多来古镜重磨，明月两圆，五十六。七。八末限。明月又被云侵，交七十方走大运，妻宫小配怕刑，克子。寿元七十七卒于风光之中。"
    },
    {
        "weight": "30",
        "content": "劳劳碌碌苦中求，东奔西走何日休；\r<BR>若使终身勤与俭，老来稍可免忧愁。",
        "intro": "此命为人多才多能，心机灵巧，祖业凋零离乡别境可成家立业，兄弟少力，&nbsp;驳杂多端，出外有贵人扶持，一生刑险，无大难，&nbsp;只是救人无功，恩中招怨，重义轻财，财帛易聚易散，早年不聚财，三十三方知艰难，万事如意，三十八。九。四十岁，如意称心，三子送终，寿元;&nbsp;六十九，&nbsp;卒于三月之中。"
    },
    {
        "weight": "31",
        "content": "忙忙碌碌苦中求，何日云开见日头；\r<BR>难得祖基家可立，中年衣食渐无忧。",
        "intro": "此命推来敬重双亲，&nbsp;有福有禄，六亲和睦，义气高强，少年勤学有功名，忠孝双全，心中无毒无贵则富，出外受人钦敬，四海闻名，老年荣华，限上无忧，一生安康，年青欠利，末限安享福禄。"
    },
    {
        "weight": "32",
        "content": "初年运蹇事难谋，渐有财源如水流；\r<BR>到得中年衣食旺，那时名利一齐收。",
        "intro": "此命为人性急，灵巧无亏，初限能聚财，虚名虚利，财来财去，有败有兴，一生衣禄无亏，中限交来，渐渐称心，求谋顺利，出外有人恭敬，一身受贵，若要问其消息，重事业，兴家业旺，其年运到滔滔财源来。滚滚利丰盈，&nbsp;春光花自发，微风细雨生，&nbsp;四十六。七。八交末运，移花接木桂花香，夫妻偕老，&nbsp;寿元八十之外，子孙福禄荣昌，卒于腊月之中。&nbsp;\r<BR>"
    },
    {
        "weight": "33",
        "content": "早年做事事难成，百年勤劳枉费心；\r<BR>半世自如流水去，后来运到始得金。",
        "intro": "此命为人性巧心灵，能假成真，口快心无，恩中招怨，君子钦敬，小人嫉妒，骨肉无援，志在四方，身心健康，前运乘荫少重树，中限轻财，大运交来，声明可望，万业焕新，名利振建，五人金石皆至，发须有心田，以后小事宜注意，才有子媳，寿元八十三，&nbsp;卒于三月之中。"
    },
    {
        "weight": "34",
        "content": "此命福气果如何，僧道门中衣禄多；\r<BR>离祖出家方为妙，朝晚拜佛念弥陀。",
        "intro": "自成自立安享福至三十六至四十六，财不谋而自至，福不求而自得。有贵人助力，家康安宁，&nbsp;妻宫若要无刑，猪羊蛇不可配，龙虎马牛方得安，虽有二子，终身带暗方可，兄弟六亲如冰炭，在家不得安然，&nbsp;限初驳杂多端，劳碌奔波，不能聚财，常有忧虑，寿元七十八，卒于三月之中。"
    },
    {
        "weight": "35",
        "content": "生平福量不周全，祖业根基觉少传；\r<BR>营事生涯宜守旧，时来衣食胜从前。",
        "intro": "此命为人品性醇和，做事忠直，志气高傲，与人做事恩中招怨，&nbsp;六亲兄弟不得力，&nbsp;祖业全无，早年驳杂多端，独马单枪初限命运来，二十八九三十岁，未曾交运都说好，至到交时苦哀哉。&nbsp;三十五六到四十，犹如金秋菊迎秋放，&nbsp;心机用尽方逢贵，末限交来始称怀，祖业有破后又重兴，犹如松木逢春再开花，妻宫优虑无刑，寿元五十七，有限至六十九，二子送老五十七，有限至，&nbsp;三子送老，寿元八十一，卒于十月之中。"
    },
    {
        "weight": "36",
        "content": "不须劳碌过平生，独自成家福不轻；\r<BR>早有福星常照命，任君行去百般成。",
        "intro": "此命为人品性刚直，&nbsp;做事公开，&nbsp;有才能，有机变。不管休息，&nbsp;六亲兄弟不得力，祖业无靠，&nbsp;白手成家立业，末运多驳杂，&nbsp;不能聚财，&nbsp;好一双抓钱手，没有一个聚钱斗，此命蜘蛛，&nbsp;结网朝圆夜不圆，做几翻败几翻，只能稳步成家计，&nbsp;谁知又被狂风吹，初限二十三，似明月被云侵，三十开外恰似日头重升，二子送终寿元五十七岁，过此八十八，&nbsp;卒于秋天之中。&nbsp;\r<BR>"
    },
    {
        "weight": "37",
        "content": "此命般般事不成、弟兄少力自孤行；\r<BR>虽然祖业须微有，来得明时去不明。",
        "intro": "此命为人品性刚直，做事公开有才能，不管休息，六亲兄弟不得力，祖业难靠，白手成家，早年驳杂多端，不能聚财，不欺侮人，有意气，心神不定，易成喜怒，初限奔波，离别他境可成家计，改换门庭，中限未得如意，末限环怀妻宫，方为刑克，子媳虽有不得力，只好真假送终，寿元七十七，卒于十月之中。"
    },
    {
        "weight": "38",
        "content": "一身骨肉最清高，早入簧门姓氏标；\r<BR>待到年将三十六，蓝衫脱去换红袍。",
        "intro": "此命为人品性刚直，&nbsp;做事公开有才能，&nbsp;不管休息，六亲兄弟不得力，&nbsp;祖业难靠，&nbsp;好一双抓钱手，没有一个聚钱斗，蜘蛛结网朝圆夕不圆，做几翻败几翻，只能稳然成家业，谁知又是遇狂风，初限二十三四，又如明月被云侵，三十外来交四十恰似日头又重升，终交末运方为贵，渐渐荣昌旺祖宗，妻宫继配方偕老，子媳二人送终，寿元五十七，过此六十九，&nbsp;卒于秋天之中。"
    },
    {
        "weight": "39",
        "content": "此命终身运不通，劳劳作事尽皆空；\r<BR>苦心竭力成家计，到得那时在梦中。",
        "intro": "此命为人灵机性巧，&nbsp;胸襟通达，志气高，少年勤学有功名之格，&nbsp;青年欠利，&nbsp;腹中多谋，有礼仪，有才能，&nbsp;做事勤俭，一生福禄无，与人干事反为不美，六亲骨肉可靠，交朋友，四海春风。中限光耀门庭，见善不欺，逢恶不怕，事有始终，量能宽大，义济分明，吉人天相，四海闻名，末限成家立业，安然到老，高楼大厦，妻宫两硬无刑，子媳三人，只有一终，寿元七十七，卒于风光之中。"
    },
    {
        "weight": "40",
        "content": "平生衣禄是绵长，件件心中自主张；\r<BR>前面风霜多受过，后来必定享安康。",
        "intro": "此命为人性燥，&nbsp;心直口快，有才能，见善不欺，逢恶不怕，事有始终，量能宽大，不聚财，祖业破败，六亲兄弟不得力，自立家计，&nbsp;出外方好，初限二十三四至二十七八九有好运，犹如枯木逢春，中限四十九有险。四十开外，&nbsp;旧镜重磨，明月正圆，五十六七交大运，寿元七十七，卒于春光之中。&nbsp;\r<BR>"
    },
    {
        "weight": "41",
        "content": "此命推来自不同，为人能干异凡庸；\r<BR>中年还有逍遥福：不比前时运来通。",
        "intro": "此命性直气高，&nbsp;有口无心，祖业未交，离别他境，万事可成，六亲骨肉不得力，自成家计。学习经营四方闻名，初限奔波驳杂，不能聚财，交过三十八九，方可成家，四十五六方能顺意，末限犹如三春杨柳，枝枝生绿叶，晚景处处红，&nbsp;妻宫两硬无克，子媳真假送老，寿元四十七，过此可到六十六，卒于九月之中。"
    },
    {
        "weight": "42",
        "content": "得宽怀处且宽怀，何用双眉皱不开；\r<BR>若使中年命运济，那时名利一起来。",
        "intro": "此命为人操劳，白手成家&nbsp;，与人出力事不成，离祖之命，成家三翻四次，用尽心机不得开怀，若要安乐享福，要到三十六到四十六不谋自得，福不求自至，有贵人助力，家庭安然，妻宫若要无刑，猴猪羊蛇不可配，龙虎马牛方得意，六亲兄弟如冰碳，&nbsp;在家不能安然，初限驳杂多端，不能聚财，常常忧虑，寿元七十八，二子送老，卒于三月之中。"
    },
    {
        "weight": "43",
        "content": "为人心性最聪明，作事轩昂近贵人；\r<BR>衣禄一生天注定，不须劳碌是丰亨。",
        "intro": "此命为人性燥刚强，平生不受亏，多技多能，祖业冰碳，骨肉风云，兄弟画饼充饥，六亲望梅止渴，劳心见早，发福见迟，独立成家，能聚财超过三十开外，方得意开怀。中限之命能进四方之财，出外逢贵人助力，艺术精善经营，方能兴旺，上业迟有一病相侵至末限，方得享福，妻宫匹配，龙虎马牛可配，二子送老，寿元八十岁。&nbsp;\r<BR>"
    },
    {
        "weight": "44",
        "content": "万事由天莫苦求，须知福碌赖人修；\r<BR>当年财帛难如意，晚景欣然便不优。",
        "intro": "此命为人忠直，心慈性燥，深谋远虑，心中多劳，贵人敬重，与人做事反为不美，六亲冰炭，初限不足，中限渐渐佳境，名利可佳，刚柔有济。二十九交来顺意，东北遇佳音，可通花甲一二，突然大风，天赐麒麟送老，寿元八十五，卒于冬月之中。&nbsp;\r<BR>"
    },
    {
        "weight": "45",
        "content": "名利推求竟若何？前番辛苦后奔波；\r<BR>命中难养男和女，骨肉扶持也不多。",
        "intro": "此命为人品性不刚不柔，心所无毒，自当自担，离祖之命，做事有始终，池塘鸳鸯寻食吃，&nbsp;或聚或散，骨肉六亲不得力，如帛如风，劳心费力多成败。初限运寒多驳杂，祖业破败，重新白手成家，至三十五六方能成家立业，四十开外，如船遇顺风，五十多岁安稳，&nbsp;末限滔滔事业兴，妻宫硬配子媳伴架送终，寿元七十五，卒于五月之中。"
    },
    {
        "weight": "46",
        "content": "东西南北尽皆通，出姓移居更觉隆；\r<BR>衣禄无穷无数定，中年晚景一般同。",
        "intro": "此命为人心慈性燥，&nbsp;有口无心有粗有细，&nbsp;一生奔波，六亲无靠，无大难，妻宫两硬无刑，祖业凋零，&nbsp;自立家计，早业如同败落萍，&nbsp;劳心用下一条计，&nbsp;交三十五六七八九岁，又平平度过几春秋，六十前后花开日，花开又遭雨来淋，必定小人加暗害，平日之中要小心，只有一子送终，，寿元七十三，卒于冬月之中。&nbsp;\r<BR>"
    },
    {
        "weight": "47",
        "content": "此命推求旺末年，妻荣子贵自怡然；\r<BR>平生原有滔滔福，可卜财源若水泉。",
        "intro": "此命为人品性纯和，&nbsp;做事公道，&nbsp;忠于待人气质高，为人干事恩中招怨，&nbsp;兄弟不得力&nbsp;，祖业微微，早年驳杂多端，时来骨肉情，&nbsp;财源是归命，&nbsp;独马单枪初限运来二十八九三十岁&nbsp;，末限交运都好，反倒交时苦哀，三十六至四十岁，犹如金秋菊遇秋放，心机用尽方为贵，末运交来恰称怀，祖业有破，&nbsp;家业重兴，好似枯木逢春再开花，孤子送老，五十九有一限，到六十九，寿元八十二，卒于冬月之中。&nbsp;\r<BR>"
    },
    {
        "weight": "48",
        "content": "初年运道未曾通，几许蹉跎命亦穷；\r<BR>兄弟六亲无依靠，一生事业晚来整。",
        "intro": "此命为人性燥，&nbsp;能随机应变&nbsp;，常近贵人，祖业无成，骨肉亲朋少义，自立家计。&nbsp;初限交来财运如霜雪，中年略可成家，大运交来顺家业，&nbsp;妻有可，&nbsp;小配无刑，子媳三人，只有一子送终，寿元七十七，卒于冬月之中。"
    },
    {
        "weight": "49",
        "content": "此命推来福不轻，自成自立显门庭；\r<BR>从来富贵人钦敬，使婢差奴过一生。",
        "intro": "此命为人品性纯和，做事勤俭，恩中招怨，兄弟有克，亲朋相怨，赔酒赔饭，反说不美，初限贫愁，交过二十六七岁如逆水行舟，不能聚财，&nbsp;中限驳杂多端，刑妻克子，交过四十岁，方可成家立业，般般如意，件件称心，至四十六七有一灾，宁可损财交过，&nbsp;后有十年好运来，家中钱财聚备，三子送老，寿元七十三。"
    },
    {
        "weight": "50",
        "content": "为利为名终日劳，中年福禄也多遭；\r<BR>老来自有财星照，不比前番目下高。",
        "intro": "此命为人伶俐乖巧，有机变，&nbsp;平生无大难，祖业无靠自成立，白手成家，亲朋冷落，&nbsp;兄弟少力，可得四方之财，好一双挣钱手，没有一个聚钱斗，&nbsp;满面春光人道好，一生不足自家知。妻迟子晚，初限奔波，&nbsp;中限四十岁方交大运，犹如枯木逢春，四十九岁有一灾，其年福星照，有十年大运，财禄吉昌，妻宫两硬同偕老，&nbsp;子媳一双可送终寿元六十九，卒于冬月之中。"
    },
    {
        "weight": "51",
        "content": "一世荣华事事通，不须劳碌自亨通；\r<BR>兄弟叔侄皆如意，家业成时福禄宏。",
        "intro": "此命为人做事有能力，且能随机应变，&nbsp;性燥能知其轻重，交朋结友如兄弟，气量宽宏，逢恶不怕，平生正直，无大难刑险，初限福禄无亏，子媳晚招可实得，四十五至五十，末限通达吉昌，福禄无亏，财源稳定，风衣足食，高堂妻宫友好，二子三女送终，寿元&nbsp;八十，卒于九月之中。"
    },
    {
        "weight": "52",
        "content": "一世亨通事事能，不须劳苦自然宁；\r<BR>宗族有光欣喜甚，家产丰盈自称心。",
        "intro": "此命为人多才能，心机灵变，祖业凋零，离乡可成家计，兄弟少力，驳杂多端，为人静处安然，出外有人敬重，可进四方之财，有贵人扶持，逢凶化吉，一生无刑险，无大难，只是救世人无功，重义轻财，财帛易聚易散，早年聚财，凡事顺意，三十八九四十岁如意称心。&nbsp;末限福如东海，寿比南山，只是妻宫两硬无刑，有三子二女送终，寿元六十五，卒于冬月之中。"
    },
    {
        "weight": "53",
        "content": "此格推来福泽宏，兴家立业在其中；\r<BR>一生衣食安排定，却是人间一福翁。",
        "intro": "此命推来重拜双亲，有福有禄，&nbsp;气质高昂，少年勤学功名不就，忠孝两全，心善无毒，非福则贵，出外有人钦敬，四海扬名，&nbsp;到老繁华，限上无忧，一世健康，青年欠利，末限安享福禄，白鹤先生云，此骨三限之骨，子孙王相之局，初限早成家计，&nbsp;辛勤劳苦，中限渐渐发财，重整门庭，末限荣华富贵，妻宫小配无刑，有三子二女送终，寿元八十二，卒于冬月之中。"
    },
    {
        "weight": "54",
        "content": "此格详采福泽宏，诗书满腹看功成。丰衣足食多安稳，正是人间有福人。",
        "intro": ""
    },
    {
        "weight": "55",
        "content": "策马扬鞭争名利，少年作事费筹论；\r<BR>一朝福禄源源至，富贵荣华显六亲。",
        "intro": "此命为人灵性机巧&nbsp;，初限尚不聚财，&nbsp;只是虚名虚利，财来财去，有败有成，一生勤学自有功名，&nbsp;有衣禄，福星照命，中限交来可称心，求谋如意，&nbsp;出外有人恭敬，一生受贵，要问其他消息，事后兴家发达，壮年滔滔财源旺，迎春花正发，微风细雨生，四十九交末运，&nbsp;移花接木桂花香，夫妻百年同偕老，寿元八十之外，福禄荣昌。"
    },
    {
        "weight": "56",
        "content": "此格推来礼义通，一身福禄用无穷；\r<BR>甜酸苦辣皆尝过，滚滚财源盈而丰。",
        "intro": "此命为人性巧心灵，有口无心，&nbsp;事不保密，少年劳碌难免，志在四方，身心健康，前运乘荫少种树，&nbsp;怀才不遇，三十九财来无归日，中限轻财，大举随行，移运得安然，成名可望，旧业还新，名利亨通，此命小事宜放松，方有子媳，&nbsp;寿元八十二，卒于冬月之中。"
    },
    {
        "weight": "57",
        "content": "福禄丰盈万事全，一身荣耀乐天年；\r<BR>名扬威震人争羡，此世逍遥宛似仙。",
        "intro": "此命为人心性灵巧，&nbsp;做事细致，&nbsp;足智多谋，志气高昂，少年勤学，名利成就，适逢快乐，&nbsp;气量宽宏，财禄有余，犹如锦上添花。中限交来自成自立，&nbsp;渐渐荣昌，招人进财，妻子晚配为美，四十至四十五六岁，看子成名，末限多得意，家中财产甚丰隆，妻宫有克，二子送终，寿元七十三，卒于正月之中。"
    },
    {
        "weight": "58",
        "content": "平生衣食自然来，名利双全富贵偕；\r<BR>金榜题名登甲第，紫袍玉带走金阶。",
        "intro": "此命为人忠直，做事有头有尾，身清志高，六亲无靠，兄弟少帮，妻宫重并，子媳虚花，业不招命，该他乡创业，外出四方买卖之命，&nbsp;只是与人干事恩中招怨，仅为不美，早限财去财来，中限劳苦奔波，一子送终，寿元六十三，卒于四月之中。"
    },
    {
        "weight": "59",
        "content": "细推此格秀而清，必定才高学业成；\r<BR>甲第之中应有分，扬鞭走马显威荣。",
        "intro": "此命为人性情暴躁，刚强，平生不受亏，所谓量大多技多能，受人尊敬，祖业凋零，&nbsp;兄弟只可画饼充饥，亲戚则是望梅止渴，劳心见早，发福见迟，&nbsp;独立成家，只是早聚财逢凶化吉，驳杂交过二十中外，方得意开怀，&nbsp;中限之命可进四方之财，出外有贵人助力，可精手艺营业，&nbsp;方能兴家立业，此间或有小疾相侵，再交限方得安然，坐享福禄，妻宫之配龙虎马牛，一子送终，寿元八十岁，卒于六月之中。"
    },
    {
        "weight": "60",
        "content": "一朝金榜快题名，显祖荣宗大器成。衣禄定然无欠缺，田园财帛更丰盈。",
        "intro": ""
    },
    {
        "weight": "61",
        "content": "不作朝中金榜客，定为世上大财翁；\r<BR>聪明天付经书熟，名显高褂自是荣。",
        "intro": "此命为人性直而操心，心直口快，&nbsp;有才能，见善不欺，逢恶不怕，事有始终，&nbsp;量能宽大，二十至二十五六不遂，&nbsp;二十八九有险，四十开外古镜重磨，明月再圆，&nbsp;五十六七八九明月又被云来侵，六十六至七十方交大运，妻宫匹配，一子送终，寿元七十七，卒于风光之中。"
    },
    {
        "weight": "62",
        "content": "此命生来福不穷，读书必定显亲宗。紫衣玉带为卿相，富贵荣华孰与同。",
        "intro": ""
    },
    {
        "weight": "63",
        "content": "命主为官福禄长，得来富贵实非常。名题雁塔传金榜，大显门庭天下扬。",
        "intro": ""
    },
    {
        "weight": "64",
        "content": "此格威权不可当，紫袍金带尘高堂。荣华富贵谁能及？万古留名姓氏扬。",
        "intro": ""
    },
    {
        "weight": "65",
        "content": "细推此命福非轻，富贵荣华孰与争；\r<BR>定国安邦人极品，威声显赫震寰瀛。",
        "intro": ""
    },
    {
        "weight": "66",
        "content": "此格人间一福人，堆金积玉满堂春。从来富贵有天定，金榜题名更显亲。",
        "intro": ""
    },
    {
        "weight": "67",
        "content": "此命生来福自宏，田园家业最高隆。平生衣禄盈丰足，一路荣华万事通。",
        "intro": ""
    },
    {
        "weight": "68",
        "content": "富贵由天莫苦求，万事家计不须谋；\r<BR>十年不比前番事，祖业根基千古留。",
        "intro": ""
    },
    {
        "weight": "69",
        "content": "君是人间福禄星，一生富贵众人钦。总然衣禄由天定，安享荣华过一生。",
        "intro": ""
    },
    {
        "weight": "70",
        "content": "此命推来福不轻，何须愁虑苦劳心。荣华富贵已天定，正笏垂绅拜紫宸。",
        "intro": ""
    },
    {
        "weight": "71",
        "content": "此命生成大不同，公侯卿相在其中。一生自有逍遥福，富贵荣华极品隆。",
        "intro": ""
    }
]