[
    {
        "month": "正",
        "weight": "0.6"
    },
    {
        "month": "二",
        "weight": "0.7"
    },
    {
        "month": "三",
        "weight": "1.8"
    },
    {
        "month": "四",
        "weight": "0.9"
    },
    {
        "month": "五",
        "weight": "0.5"
    },
    {
        "month": "六",
        "weight": "1.6"
    },
    {
        "month": "七",
        "weight": "0.9"
    },
    {
        "month": "八",
        "weight": "1.5"
    },
    {
        "month": "九",
        "weight": "1.8"
    },
    {
        "month": "十",
        "weight": "0.8"
    },
    {
        "month": "十一",
        "weight": "0.9"
    },
    {
        "month": "腊",
        "weight": "0.5"
    }
]