[
    {
        "year": "1900",
        "weight": "0.7"
    },
    {
        "year": "1901",
        "weight": "0.7"
    },
    {
        "year": "1902",
        "weight": "0.9"
    },
    {
        "year": "1903",
        "weight": "1.2"
    },
    {
        "year": "1904",
        "weight": "0.8"
    },
    {
        "year": "1905",
        "weight": "0.7"
    },
    {
        "year": "1906",
        "weight": "1.3"
    },
    {
        "year": "1907",
        "weight": "0.5"
    },
    {
        "year": "1908",
        "weight": "1.4"
    },
    {
        "year": "1909",
        "weight": "0.5"
    },
    {
        "year": "1910",
        "weight": "0.9"
    },
    {
        "year": "1911",
        "weight": "1.7"
    },
    {
        "year": "1912",
        "weight": "0.5"
    },
    {
        "year": "1913",
        "weight": "0.7"
    },
    {
        "year": "1914",
        "weight": "1.2"
    },
    {
        "year": "1915",
        "weight": "0.8"
    },
    {
        "year": "1916",
        "weight": "0.8"
    },
    {
        "year": "1917",
        "weight": "0.6"
    },
    {
        "year": "1918",
        "weight": "1.9"
    },
    {
        "year": "1919",
        "weight": "0.6"
    },
    {
        "year": "1920",
        "weight": "0.8"
    },
    {
        "year": "1921",
        "weight": "1.6"
    },
    {
        "year": "1922",
        "weight": "1.0"
    },
    {
        "year": "1923",
        "weight": "0.6"
    },
    {
        "year": "1924",
        "weight": "1.2"
    },
    {
        "year": "1925",
        "weight": "0.9"
    },
    {
        "year": "1926",
        "weight": "0.6"
    },
    {
        "year": "1927",
        "weight": "0.7"
    },
    {
        "year": "1928",
        "weight": "1.2"
    },
    {
        "year": "1929",
        "weight": "0.5"
    },
    {
        "year": "1930",
        "weight": "0.9"
    },
    {
        "year": "1931",
        "weight": "0.8"
    },
    {
        "year": "1932",
        "weight": "0.7"
    },
    {
        "year": "1933",
        "weight": "0.8"
    },
    {
        "year": "1934",
        "weight": "1.5"
    },
    {
        "year": "1935",
        "weight": "0.9"
    },
    {
        "year": "1936",
        "weight": "1.6"
    },
    {
        "year": "1937",
        "weight": "0.8"
    },
    {
        "year": "1938",
        "weight": "0.8"
    },
    {
        "year": "1939",
        "weight": "1.9"
    },
    {
        "year": "1940",
        "weight": "1.2"
    },
    {
        "year": "1941",
        "weight": "0.6"
    },
    {
        "year": "1942",
        "weight": "0.8"
    },
    {
        "year": "1943",
        "weight": "0.7"
    },
    {
        "year": "1944",
        "weight": "0.5"
    },
    {
        "year": "1945",
        "weight": "1.5"
    },
    {
        "year": "1946",
        "weight": "0.6"
    },
    {
        "year": "1947",
        "weight": "1.6"
    },
    {
        "year": "1948",
        "weight": "1.5"
    },
    {
        "year": "1949",
        "weight": "0.7"
    },
    {
        "year": "1950",
        "weight": "0.9"
    },
    {
        "year": "1951",
        "weight": "1.2"
    },
    {
        "year": "1952",
        "weight": "1.0"
    },
    {
        "year": "1953",
        "weight": "0.7"
    },
    {
        "year": "1954",
        "weight": "1.5"
    },
    {
        "year": "1955",
        "weight": "0.6"
    },
    {
        "year": "1956",
        "weight": "0.5"
    },
    {
        "year": "1957",
        "weight": "1.4"
    },
    {
        "year": "1958",
        "weight": "1.4"
    },
    {
        "year": "1959",
        "weight": "0.9"
    },
    {
        "year": "1960",
        "weight": "0.7"
    },
    {
        "year": "1961",
        "weight": "0.7"
    },
    {
        "year": "1962",
        "weight": "0.9"
    },
    {
        "year": "1963",
        "weight": "1.2"
    },
    {
        "year": "1964",
        "weight": "0.8"
    },
    {
        "year": "1965",
        "weight": "0.7"
    },
    {
        "year": "1966",
        "weight": "1.3"
    },
    {
        "year": "1967",
        "weight": "0.5"
    },
    {
        "year": "1968",
        "weight": "1.4"
    },
    {
        "year": "1969",
        "weight": "0.5"
    },
    {
        "year": "1970",
        "weight": "0.9"
    },
    {
        "year": "1971",
        "weight": "1.7"
    },
    {
        "year": "1972",
        "weight": "0.5"
    },
    {
        "year": "1973",
        "weight": "0.7"
    },
    {
        "year": "1974",
        "weight": "1.2"
    },
    {
        "year": "1975",
        "weight": "0.8"
    },
    {
        "year": "1976",
        "weight": "0.8"
    },
    {
        "year": "1977",
        "weight": "0.6"
    },
    {
        "year": "1978",
        "weight": "1.9"
    },
    {
        "year": "1979",
        "weight": "0.6"
    },
    {
        "year": "1980",
        "weight": "0.8"
    },
    {
        "year": "1981",
        "weight": "1.6"
    },
    {
        "year": "1982",
        "weight": "1.0"
    },
    {
        "year": "1983",
        "weight": "0.6"
    },
    {
        "year": "1984",
        "weight": "1.2"
    },
    {
        "year": "1985",
        "weight": "0.9"
    },
    {
        "year": "1986",
        "weight": "0.6"
    },
    {
        "year": "1987",
        "weight": "0.7"
    },
    {
        "year": "1988",
        "weight": "1.2"
    },
    {
        "year": "1989",
        "weight": "0.5"
    },
    {
        "year": "1990",
        "weight": "0.9"
    },
    {
        "year": "1991",
        "weight": "0.8"
    },
    {
        "year": "1992",
        "weight": "0.7"
    },
    {
        "year": "1993",
        "weight": "0.8"
    },
    {
        "year": "1994",
        "weight": "1.5"
    },
    {
        "year": "1995",
        "weight": "0.9"
    },
    {
        "year": "1996",
        "weight": "1.6"
    },
    {
        "year": "1997",
        "weight": "0.8"
    },
    {
        "year": "1998",
        "weight": "0.8"
    },
    {
        "year": "1999",
        "weight": "1.9"
    },
    {
        "year": "2000",
        "weight": "1.2"
    },
    {
        "year": "2001",
        "weight": "0.6"
    },
    {
        "year": "2002",
        "weight": "0.8"
    },
    {
        "year": "2003",
        "weight": "0.7"
    },
    {
        "year": "2004",
        "weight": "0.5"
    },
    {
        "year": "2005",
        "weight": "1.5"
    },
    {
        "year": "2006",
        "weight": "0.6"
    },
    {
        "year": "2007",
        "weight": "1.6"
    },
    {
        "year": "2008",
        "weight": "1.5"
    },
    {
        "year": "2009",
        "weight": "0.7"
    },
    {
        "year": "2010",
        "weight": "0.9"
    },
    {
        "year": "2011",
        "weight": "1.2"
    },
    {
        "year": "2012",
        "weight": "1.0"
    },
    {
        "year": "2013",
        "weight": "0.7"
    },
    {
        "year": "2014",
        "weight": "1.5"
    },
    {
        "year": "2015",
        "weight": "0.6"
    },
    {
        "year": "2016",
        "weight": "0.5"
    },
    {
        "year": "2017",
        "weight": "1.4"
    },
    {
        "year": "2018",
        "weight": "1.4"
    },
    {
        "year": "2019",
        "weight": "0.9"
    }
]