[
    {
        "time": "0",
        "weight": "1.6"
    },
    {
        "time": "1",
        "weight": "0.6"
    },
    {
        "time": "2",
        "weight": "0.6"
    },
    {
        "time": "3",
        "weight": "0.7"
    },
    {
        "time": "4",
        "weight": "0.7"
    },
    {
        "time": "5",
        "weight": "1.0"
    },
    {
        "time": "6",
        "weight": "1.0"
    },
    {
        "time": "7",
        "weight": "0.9"
    },
    {
        "time": "8",
        "weight": "0.9"
    },
    {
        "time": "9",
        "weight": "1.6"
    },
    {
        "time": "10",
        "weight": "1.6"
    },
    {
        "time": "11",
        "weight": "1.0"
    },
    {
        "time": "12",
        "weight": "1.0"
    },
    {
        "time": "13",
        "weight": "0.8"
    },
    {
        "time": "14",
        "weight": "0.8"
    },
    {
        "time": "15",
        "weight": "0.8"
    },
    {
        "time": "16",
        "weight": "0.8"
    },
    {
        "time": "17",
        "weight": "0.9"
    },
    {
        "time": "18",
        "weight": "0.9"
    },
    {
        "time": "19",
        "weight": "0.6"
    },
    {
        "time": "20",
        "weight": "0.6"
    },
    {
        "time": "21",
        "weight": "0.6"
    },
    {
        "time": "22",
        "weight": "0.6"
    },
    {
        "time": "23",
        "weight": "1.6"
    }
]