[
    {
        "id": "2",
        "xmmc": "星座每日运势",
        "cjurl": "http://astro.sina.com.cn/pc/west/frame0_[id].html",
        "cjbody": "<!-- SUDA_CODE_END -->|<!-- 星座运势内容end -->",
        "xm1": "星座",
        "cjxm1": "<span>|<em>",
        "xm2": "综合运势",
        "cjxm2": "<h4>综合运势</h4><p>|</p>",
        "xm3": "爱情运势",
        "cjxm3": "爱情运势</h4><p>|</p>",
        "xm4": "工作状况",
        "cjxm4": "工作状况</h4><p>|</p>",
        "xm5": "理财投资",
        "cjxm5": "理财投资</h4><p>|</p>",
        "xm6": "健康指数",
        "cjxm6": "健康指数</h4><p>|</p>",
        "xm7": "商谈指数",
        "cjxm7": "商谈指数</h4><p>|</p>",
        "xm8": "幸运颜色",
        "cjxm8": "幸运颜色</h4><p>|</p>",
        "xm9": "幸运数字",
        "cjxm9": "幸运数字</h4><p>|</p>",
        "xm10": "速配星座",
        "cjxm10": "速配星座</h4><p>|</p>",
        "xm11": "综合评估",
        "cjxm11": "<div class=\"lotconts\">|</div>",
        "xm12": "有效期限",
        "cjxm12": "有效日期:|</li>"
    },
    {
        "id": "3",
        "xmmc": "星座明日运势",
        "cjurl": "http://astro.sina.com.cn/pc/west/frame0_[id]_1.html",
        "cjbody": "<!-- SUDA_CODE_END -->|<!-- 星座运势内容end -->",
        "xm1": "星座",
        "cjxm1": "<span>|<em>",
        "xm2": "综合运势",
        "cjxm2": "<h4>综合运势</h4><p>|</p>",
        "xm3": "爱情运势",
        "cjxm3": "爱情运势</h4><p>|</p>",
        "xm4": "工作状况",
        "cjxm4": "工作状况</h4><p>|</p>",
        "xm5": "理财投资",
        "cjxm5": "理财投资</h4><p>|</p>",
        "xm6": "健康指数",
        "cjxm6": "健康指数</h4><p>|</p>",
        "xm7": "商谈指数",
        "cjxm7": "商谈指数</h4><p>|</p>",
        "xm8": "幸运颜色",
        "cjxm8": "幸运颜色</h4><p>|</p>",
        "xm9": "幸运数字",
        "cjxm9": "幸运数字</h4><p>|</p>",
        "xm10": "速配星座",
        "cjxm10": "速配星座</h4><p>|</p>",
        "xm11": "综合评估",
        "cjxm11": "<div class=\"lotconts\">|</div>",
        "xm12": "有效期限",
        "cjxm12": "有效日期:|</li>"
    },
    {
        "id": "4",
        "xmmc": "星座每周运势",
        "cjurl": "http://astro.sina.com.cn/pc/west/frame1_[id].html",
        "cjbody": "<!-- SUDA_CODE_END -->|<!-- 星座运势内容end -->",
        "xm1": "星座",
        "cjxm1": "<span>|<em>",
        "xm2": "有效期",
        "cjxm2": "有效日期:|</li>",
        "xm3": "标题",
        "cjxm3": "<li class=\"notes\">|</li>",
        "xm4": "整体运势",
        "cjxm4": "整体运势|</p>",
        "xm5": "爱情运势 有对象",
        "cjxm5": "有对象:|</p>",
        "xm6": "爱情运势 没对象",
        "cjxm6": "没对象:|</p>",
        "xm7": "健康运势",
        "cjxm7": "健康运势|</p>",
        "xm8": "工作学业运",
        "cjxm8": "工作学业运|</p>",
        "xm9": "性欲指数",
        "cjxm9": "性欲指数|</p>",
        "xm10": "红心日",
        "cjxm10": "红心日</h4>|</p>",
        "xm11": "黑梅日",
        "cjxm11": "黑梅日</h4>|</p>",
        "xm12": "黑梅日",
        "cjxm12": "黑梅日</h4>|</p>"
    },
    {
        "id": "5",
        "xmmc": "星座每月运势",
        "cjurl": "http://astro.sina.com.cn/pc/west/frame2_[id].html",
        "cjbody": "<!-- SUDA_CODE_END -->|<!-- 星座运势内容end -->",
        "xm1": "星座",
        "cjxm1": "<span>|<em>",
        "xm2": "有效期限",
        "cjxm2": "有效日期:|</li>",
        "xm3": "整体运势",
        "cjxm3": "整体运势|</p>",
        "xm4": "爱情运势",
        "cjxm4": "爱情运势|</p>",
        "xm5": "投资理财运",
        "cjxm5": "投资理财运|</p>",
        "xm6": "解压方式",
        "cjxm6": "解压方式</h4>|</p>",
        "xm7": "幸运物",
        "cjxm7": "幸运物</h4>|</p>",
        "xm8": "",
        "cjxm8": "",
        "xm9": "",
        "cjxm9": "",
        "xm10": "",
        "cjxm10": "",
        "xm11": "",
        "cjxm11": "",
        "xm12": "",
        "cjxm12": ""
    },
    {
        "id": "6",
        "xmmc": "星座每年运势",
        "cjurl": "http://astro.sina.com.cn/pc/west/frame3_[id].html",
        "cjbody": "<!-- SUDA_CODE_END -->|<!-- 星座运势内容end -->",
        "xm1": "星座",
        "cjxm1": "<span>|<em>",
        "xm2": "标题",
        "cjxm2": "<li class=\"notes\">|</li>",
        "xm3": "整体概况",
        "cjxm3": "整体概况|</p>",
        "xm4": "功课学业",
        "cjxm4": "功课学业|</p>",
        "xm5": "工作职场",
        "cjxm5": "工作职场|</p>",
        "xm6": "金钱理财",
        "cjxm6": "金钱理财|</p>",
        "xm7": "恋爱婚姻",
        "cjxm7": "恋爱婚姻|</p>",
        "xm8": "有效期限",
        "cjxm8": "有效日期:|</li>",
        "xm9": "",
        "cjxm9": "",
        "xm10": "",
        "cjxm10": "",
        "xm11": "",
        "cjxm11": "",
        "xm12": "",
        "cjxm12": ""
    },
    {
        "id": "7",
        "xmmc": "星座年度爱情运势",
        "cjurl": "http://astro.sina.com.cn/pc/west/frame4_[id].html",
        "cjbody": "<!-- SUDA_CODE_END -->|<!-- 星座运势内容end -->",
        "xm1": "星座",
        "cjxm1": "<span>|<em>",
        "xm2": "有效日期",
        "cjxm2": "有效日期:|</li>",
        "xm3": "总论",
        "cjxm3": "<div class=\"lotconts\">|</div>",
        "xm4": "女生篇",
        "cjxm4": "<div class=\"m_left\">|</div>",
        "xm5": "男生篇",
        "cjxm5": "<div class=\"m_right\">|</div>",
        "xm6": "",
        "cjxm6": "",
        "xm7": "",
        "cjxm7": "",
        "xm8": "",
        "cjxm8": "",
        "xm9": "",
        "cjxm9": "",
        "xm10": "",
        "cjxm10": "",
        "xm11": "",
        "cjxm11": "",
        "xm12": "",
        "cjxm12": ""
    }
]