[
    {
        "id": "1",
        "qianshu": "第一枝",
        "name": "上上",
        "title": "龍虎渡姜公",
        "shi": "靈韱求得第一枝\r\n龍虎風雲際會時\r\n一旦凌霄揚自樂\r\n任君來往赴瑤池",
        "content": "周朝興國功臣，姜太公，又名尚，當時龍虎得風雲會合，則龍飛到上天去，揚揚快樂，即瑤池仙家地方，亦可到矣，此是榮華發達之象也，求得此簽者，定百事如意，真第一枝上簽也"
    },
    {
        "id": "2",
        "qianshu": "第二枝",
        "name": "上吉",
        "title": "王道真誤入桃源",
        "shi": "枯木逢春盡發新\r\n花香葉茂蝶來頻\r\n桃源競鬥千紅紫\r\n一葉漁舟誤入津",
        "content": "枯木遇春天而發新意，花香葉茂蝴蝶頻來，桃源乃仙家地方，其桃花放得千紅萬紫，時王道真撐艇入此水道遊玩，此乃繁華快樂之象也，求得此簽者，必有意外奇逢，極甚快活矣，但需無心得之，不可著意以求，此簽吉而無凶，謀事順遂"
    },
    {
        "id": "3",
        "qianshu": "第三枝",
        "name": "中平",
        "title": "魯班訓迪",
        "shi": "牛山之木皆常美\r\n獨惜斧工盡伐他\r\n大器大材無足用\r\n規矩不準怎為槎",
        "content": "牛山之木常屬佳，斧頭之人，盡斬伐之，雖有大件木材，亦無實用，因此木不合規矩，難以做木筏之用也，求此簽者，宜將一切不良嗜好，均要節戒，勿為小人攻伐其短處，要循規蹈矩，今所行不善，不依規矩，終歸無用，真可惜矣，此吉中而有凶，凡得此簽，須要防範小人侵害"
    },
    {
        "id": "4",
        "qianshu": "第四枝",
        "name": "中吉",
        "title": "調雛紫燕正穿梭",
        "shi": "調雛紫燕在簷前\r\n對語呢喃近午天\r\n或往或來低復起\r\n有時剪破綠楊煙",
        "content": "燕教小燕子學講話，在簷口對語，往來飛舞，亦一樂也，但往而復來，低而復起，似無定景象，然平穩而無礙，求得此簽者，凡事亦不宜太憂心，但要防是非口舌"
    },
    {
        "id": "5",
        "qianshu": "第五枝",
        "name": "中吉",
        "title": "韓夫人惜花",
        "shi": "東園昨夜狂風急\r\n萬紫千紅亦盡傾\r\n幸有惜花人早起\r\n培回根本復栽生",
        "content": "狂風太急，吹得，花傾側，此驚險之象也，幸有愛惜花者，培回根本，而花復生，此乃有貴人扶助之象也，論，簽，險中而有救，但須要自己立即修善，有以感動人心，才有貴人扶救，而化凶為吉也，有幸字，不易得此貴人也，而凶中有吉之簽，要防小人之是非口舌。"
    },
    {
        "id": "6",
        "qianshu": "第六枝",
        "name": "上吉",
        "title": "王羲之歸故里",
        "shi": "一片孤帆萬里回\r\n管絃嘔啞且停杯\r\n如雲勝友談風月\r\n暢敘幽情極樂哉",
        "content": "晉朝時代，書法，家姓王名羲之，當時在萬里遠處回家，常吹簫彈琴飲酒，許多朋友相聚談風說月，心情歡欣之極，求得此簽者，百事皆吉"
    },
    {
        "id": "7",
        "qianshu": "第七枝",
        "name": "中吉",
        "title": "人貴歸家",
        "shi": "秋來征雁向南歸\r\n紅葉紛紛滿院飛\r\n碪搗城頭聲切耳\r\n江楓如火在漁磯",
        "content": "唐朝時代，薛仁，征東，得勝回朝封王而歸家，當時秋將冷，雁南飛，紅葉凋謝，人洗寒衣，此秋天冷落之景，，無防礙之處，亦無快活之氣也，得此簽者，凡事宜慎預防，則平安矣"
    },
    {
        "id": "8",
        "qianshu": "第八枝",
        "name": "下下",
        "title": "鳩占鵲巢",
        "shi": "鳴鳩爭奪鵲巢居\r\n賓主參差意不舒\r\n滿嶺喬松蘿蔦附\r\n且猜詩語是何如",
        "content": "鵲有巢而為鳩所奪，兩家不舒暢，山有松樹而被籐蘿週身牽纏，等於人而被人欺凌，即依附於人之象，如求，此簽者，凡事宜隱忍勿強爭奪，誠恐為是非而拖累，難以解脫而要依附於人也，此乃凶多而少之象，宜防小人口舌，宜在社壇作福，祭朱雀方吉"
    },
    {
        "id": "9",
        "qianshu": "第九枝",
        "name": "上吉",
        "title": "陶淵明賞菊",
        "shi": "瑤琴一曲奏新腔\r\n明月清風枕簟涼\r\n咸集嘉賓同賞菊\r\n或歌或舞或飛觴",
        "content": "明月清風，枕蓆爽，陶淵明會集許多朋友來賞菊花，彈琴唱歌飲酒，此乃快活之景象也，如求得此簽者，所，各事皆順利，無往而不利矣"
    },
    {
        "id": "10",
        "qianshu": "第十枝",
        "name": "中平",
        "title": "蘇秦不第",
        "shi": "一輪月鏡掛空中\r\n偶被浮雲障疊月\r\n玉匣何時光氣吐\r\n誰人借我一狂風",
        "content": "戰國時代蘇秦，屢試不第，仍然不屈不撓，卒為六國之宰相，有如月鏡掛天中，偶被浮雲，重遮蓋，此暫時輕，遭劫之象，要人借我以風吹散浮雲，而現下未知何人可借，是未得貴人，助也，求得此簽者，隱忍待時，不可妄動，防避小人口舌，不久即有貴人相扶，消此小劫，乃吉中微有凶之簽"
    },
    {
        "id": "11",
        "qianshu": "第十一枝",
        "name": "上吉",
        "title": "漢文帝賞柳",
        "shi": "楊柳垂堤鎖綠煙\r\n日長三起又三眠\r\n往來紫燕紛飛舞\r\n嬝娜迎風倩我憐",
        "content": "漢文帝生平最為酷愛楊柳，每日在於政暇時，及楊柳垂堤之時，日中常常三起三眠，以欣賞其秀茂景色，蓋楊柳有時垂有時起，且有燕子往來飛舞其間，迎風搖動，景色怡人，此乃心歡快樂之景象也，求得此簽者，求謀順遂事事皆吉"
    },
    {
        "id": "12",
        "qianshu": "第十二枝",
        "name": "下下",
        "title": "太白撈",
        "shi": "蜃樓海市幻無邊\r\n萬丈擎空接上天\r\n或被狂風忽吹散\r\n有時仍聚結青煙",
        "content": "海中蜃蛤吐氣如樓，高接到天，一有風來，便吹散矣，雖散而復聚，亦如煙之浮，不能長久也，此乃一片虛浮景象，跟前雖好，實無歸結，求得此簽者，當行善以為根本，則可堅穩長久，事事不被人吹散矣，此簽凶多吉少，要防小人口舌，宜在當天作福吉"
    },
    {
        "id": "13",
        "qianshu": "第十三枝",
        "name": "中平",
        "title": "孟浩然尋梅",
        "shi": "嶺南初放一枝梅\r\n片片晶瑩入酒杯\r\n郤遇騎驢人早至\r\n兒意背負占春魁",
        "content": "嶺南梅開最早，將花入酒杯，飲之甚香，遇有騎驢者，寄此梅花於人，百花來開而此花獨占先開，亦令人必悅也，求得此簽者，遇有貴人帶引，則事事如意矣，此簽半吉半凶，該簽雖無大礙之句，而似有被人占以先手之象，則逢吉變凶矣，解籤者要細思之"
    },
    {
        "id": "14",
        "qianshu": "第十四枝",
        "name": "中吉",
        "title": "東坡歸隱",
        "shi": "為愛幽閒多種竹\r\n買春賞雨在茅屋\r\n醉時臥倒杏花邊\r\n怕聽鶯兒驚夢熟",
        "content": "蘇東坡辭官歸里家園，多種竹樹，買春賞雨，醉臥杏花之邊，此安樂之景，怕有鶯兒驚夢，此驚慌之象於安樂中，防避口舌，常在一點善心，亦無礙也，讀一怕字，要慎防則吉"
    },
    {
        "id": "15",
        "qianshu": "第十五枝",
        "name": "上吉",
        "title": "明皇遊月殿",
        "shi": "仙槎一葉泛中流\r\n月殿蟾宮任爾遊\r\n盈耳霓裳聲暫歇\r\n酒詩吟飲幾時休",
        "content": "唐明皇時，國泰民安，優遊安樂，故此有風流天子之稱，因他素慕月殿蟾宮之美麗，時欲想往一遊，卒得一葉仙舟，載赴月殿，任其遊樂，學得霓裳仙子羽衣曲而回，歌歌唱唱飲酒吟詩，快樂不歇，此快樂之景象，求得此簽者，萬事皆吉，無礙，可稱為心想事成也"
    },
    {
        "id": "16",
        "qianshu": "第十六枝",
        "name": "中吉",
        "title": "牧童跨犢回歸",
        "shi": "天邊鴉背夕陽回\r\n隴外兒童跨犢來\r\n羌笛頻吹聲切耳\r\n短長腔調樂何哉",
        "content": "日落山岡時候，天邊之鴉鵲歸巢，郊外的牧牛童子，亦騎牛而歸家，一路上吹得竹笛之聲充滿耳，此童子甚快樂也，此簽有快樂之意，則凡事平穩無礙，不用憂心矣"
    },
    {
        "id": "17",
        "qianshu": "第十七枝",
        "name": "中吉",
        "title": "月下追賢",
        "shi": "秋水蒹葭白露盈\r\n盈庭月色浸階清\r\n清風吹動馬鈴響\r\n響接晨鐘不斷聲",
        "content": "秋天多露，月色滿階，風吹馬鈴，響接晨鐘之聲，此乃漢時韓信，投奔漢高祖，未獲重用，夤夜馳歸，為張良所知，告信之能於高祖，乃月下追回韓信時之情景也，求得此簽，凡事皆平穩，雖或阻滯，到底必好，有吉而無凶"
    },
    {
        "id": "18",
        "qianshu": "第十八枝",
        "name": "下吉",
        "title": "杜鵑泣血動客心",
        "shi": "杜鵑啼血淚悲聲\r\n聲怨霜寒夢乍驚\r\n驚動異鄉為異客\r\n客心更觸故園情",
        "content": "春末夏初之時，杜鵑雀啼，聲聲悲而且悽切，如怨如慕，如泣如訴，留落異地作他鄉客，聞聲觸感，每動思家之心情，乃一種愁悶之氣象，求得此簽者，凡事務須留心謹慎，且要修善，方能消災除禍，便逢凶化吉，更宜防小人口舌是非，要在當天作福吉"
    },
    {
        "id": "19",
        "qianshu": "第十九枝",
        "name": "中吉",
        "title": "伏羲畫八卦",
        "shi": "乾卦三連號太陽\r\n潛龍勿用第一章\r\n其中爻象能參透\r\n百福駢臻大吉昌",
        "content": "乾卦純陽無陰，能想透第一章之句語，隱藏其剛強之氣勿用，則百福至而大吉昌矣，求得此簽者，凡事要隱忍退避，靜以待時，有善氣而無惡氣，方能受福而吉昌也，此簽有吉無凶，平穩無礙"
    },
    {
        "id": "20",
        "qianshu": "第二十枝",
        "name": "中平",
        "title": "雪梅招親",
        "shi": "天上仙花難問種\r\n人間塵事幾多更\r\n前程已註公私簿\r\n罰賞分明濁與清",
        "content": "雪梅為安南國王之宮主，特徵聯求婚，其聯首曰，太極殿前三尺雪，後有廣東人姓黃名華貴，當時福至心靈，以梅之得植於人間，原出於天上仙花之種，乃以廣寒宮裡一枝梅，為聯比以應徵，卒獲招為駙馬，論此簽意，凡事平穩，倘能力行善事，當可獲福也"
    },
    {
        "id": "21",
        "qianshu": "第二十一枝",
        "name": "中吉",
        "title": "武則天賞花",
        "shi": "天外紅霞如抹錦\r\n檻邊桃杏鬥新妝\r\n盈眸煙熳誰居首\r\n美酒頻斟且酌量",
        "content": "此為唐時武則天，於冬天擊鼓摧花時，評桃品杏之情景也，求得此簽者，凡事有吉無凶，井且定必有意外財收獲也，若問自身之事，更可丁財兩發，諸事平穩之象也"
    },
    {
        "id": "22",
        "qianshu": "第二十二枝",
        "name": "下下",
        "title": "陳妙常思春",
        "shi": "秋水依人各一方\r\n天南地北恨偏長\r\n相思試問憑誰寄\r\n不盡悽涼狂斷腸",
        "content": "天南地北，各居一方，書信又無人寄，思念到肝腸都斷，此乃淒涼之景象也，求得此簽者，要修善以感動人心，則凡事有貴人，又可寄託，免至淒涼也，此簽凶事多而吉少，宜社壇作福"
    },
    {
        "id": "23",
        "qianshu": "第二十三枝",
        "name": "中平",
        "title": "邯鄲幻夢",
        "shi": "邯鄲一夢幻無邊\r\n數載身榮是熟眠\r\n換郤錦衣歸故里\r\n睡醒還記在心田",
        "content": "夢中得富貴，著錦繡衣裳回家，醒後仍然記在心中，此乃一片虛假之情形，此簽雖無防礙，但亦無可取之處也，若求得此簽者，宜凡事謹慎"
    },
    {
        "id": "24",
        "qianshu": "第二十四枝",
        "name": "下下",
        "title": "白居易嘆情",
        "shi": "詩酒琴棋可解愁\r\n座中無客樂難休\r\n或彈或唱誰知美\r\n冷飲雖多亦是憂",
        "content": "詩酒琴棋，可以解人愁悶，苦無人客知己，獨自彈琴唱歌，優點無人得知，如此冷淡，雖然多飲幾杯悶酒，仍然是憂也，而求得此簽者，雖處於順境，而未免有憂愁，急宜廣結善緣，務使善與人同，則應求多而無憂愁矣，蓋此簽凶多而吉少，宜在社壇作福吉"
    },
    {
        "id": "25",
        "qianshu": "第二十五枝",
        "name": "上吉",
        "title": "朱洪武登基",
        "shi": "群山擾擾朝中嶽\r\n有似為臣列鵠班\r\n拱立兩行齊整肅\r\n自居此地豈無歡",
        "content": "天下之山以中嶽為至高，四山朝拱，齊整如人臣拱手排班而立，居此地者，有如君之使臣，一呼即應，明朝開國之君，朱元璋，少時牧牛時，率群童登中嶽之巔，戲稱自己為帝，使群賀之，後朱元璋竟成真正皇帝，號稱洪武，統一山河，若求得此簽者，必得事事如意，步步高陛也"
    },
    {
        "id": "26",
        "qianshu": "第二十六枝",
        "name": "中平",
        "title": "徐庶歸家",
        "shi": "花影遲遲侵砌上\r\n遙知月鏡掛長空\r\n忽聞鶴淚聲淒切\r\n早買歸舟返里中",
        "content": "花影侵於花基上，知係月鏡排在空中，忽聞鶴聲啼得悲切，即要買舟回家，此簽大意，言人當要知機，一聞不吉之消息，如聞鶴聲之淒切，要及早回頭，歸於善路，方有結果，如行客之買舟回家一般，此簽於吉中有凶，但逢凶亦可以化吉，知趨避便無礙，宜防小人是非口舌"
    },
    {
        "id": "27",
        "qianshu": "第二十七枝",
        "name": "中平",
        "title": "蝶蟻知時",
        "shi": "天晴粉蜨翻衣曬\r\n又看庭前蟻陣排\r\n隊伍整齊趨或退\r\n時開時合思何佳",
        "content": "天晴則蝶曬其翼，將雨則蟻出如擺陣，或進或退，時開時合，在蟻子亦甚得意矣，人與物同，各得其意，便是快活，求得此簽者，亦平穩無礙也"
    },
    {
        "id": "28",
        "qianshu": "第二十八枝",
        "name": "中平",
        "title": "潯陽江聽琵琶",
        "shi": "船泊潯陽月夜天\r\n琵琶一曲動人憐\r\n相思兩地憑誰寄\r\n白雪摧人上鬢巔",
        "content": "古人白司馬，當時被貶閒居，在潯陽江上聽琵琶，此非快活之景，兩地相思，無人寄信，白髮又催人老，此更冷淡，求得此簽者，雖無大礙，亦無歡喜之處，凡事亦凶多而吉少也"
    },
    {
        "id": "29",
        "qianshu": "第二十九枝",
        "name": "中吉",
        "title": "張翰思鱸",
        "shi": "鱸魚作膾菊花黃\r\n美酒盈樽近晚涼\r\n泛掉正當潮上候\r\n這般佳景樂無央",
        "content": "好魚生，好菊花，好酒，好天時，好潮水， 在水面快活之景，件件俱全，其樂無窮盡矣，求得此簽者，凡事平穩無礙，是安樂也，此簽亦擬上吉，與第九枝語意一般耳，快活景象，彼此相同"
    },
    {
        "id": "30",
        "qianshu": "第三十枝",
        "name": "下下",
        "title": "馬嵬坡勒死楊貴妃",
        "shi": "傾國傾城媚百生\r\n六宮粉黛盡無名\r\n馬嵬山下魂飛去\r\n至令明皇長恨情",
        "content": "唐明皇專寵愛楊貴妃，六宮美女盡不鍾意，及安祿山作反，出兵征之，，，馬嵬坡，三軍不行，要皇將楊貴妃斬首，至肯前進，於是貴妃死在馬嵬坡下，而魂飛天上也，，明皇日日長恨之，此簽有凶無吉，求得此簽者，凡事要謹慎，更宜防小人口舌，且必先惡從，，能化凶為吉，宜觀音作福"
    },
    {
        "id": "31",
        "qianshu": "第三十一枝",
        "name": "下下",
        "title": "蔡中興遇險",
        "shi": "狂風驟雨打船篷\r\n溪畔桃花盡落紅\r\n驚醒漁翁春夢熟\r\n持篙撐去失西東",
        "content": "狂風急雨，打落桃花，大雨打落船篷，驚醒魚翁，此有險之象，竹篙撐艇，不知西東，此徬徨昏迷之象，而求得此簽者，恐有驚險之事，此時手忙腳亂，亦甚難做作，務要急收善果，以植種福基，而遇事有貴人指引，免至迷懵不知西東也，此簽凶多而吉少，要防小人口舌，宜在海龍王作福"
    },
    {
        "id": "32",
        "qianshu": "第三十二枝",
        "name": "中平",
        "title": "蘇武牧羊",
        "shi": "十九年前海上辛\r\n節旄彫敗逐沙塵\r\n餐毛嚼雪誰憐我\r\n惟有羊兒作伴群",
        "content": "古人姓蘇名武，受困於番邦地方，在海上看羊十九年，天寒無飯食，以毛毯包雪食之，而無人可憐，惟羊仔陪伴，此乃淒涼之景象，求得此簽者，必要立心忠直，隱忍受苦，凡事有神助，化凶為吉，以蘇武之忠，隨後終得歸漢為官也，就簽而論，凡事極其辛苦，但到底可達目的"
    },
    {
        "id": "33",
        "qianshu": "第三十三枝",
        "name": "中平",
        "title": "孔明識破曹操",
        "shi": "曹操雖有深謀計\r\n智慧難瞞諸葛候\r\n試看東風都可借\r\n更能流馬木成牛",
        "content": "曹操雖有奸計，而不瞞得孔明，能借東風以燒曹兵，又造木牛運糧，以養軍士，則曹操奸謀，終不可用矣，求得此簽者，切不可奸謀害人之心，人可瞞，天勿瞞，必須立心修善，可以化凶為吉，不可學曹操之奸計也，就簽而論，凡事不利，要防小人是非口舌，如立心光明正大，可化凶為吉也"
    },
    {
        "id": "34",
        "qianshu": "第三十四枝",
        "name": "中吉",
        "title": "大舜耕歷山",
        "shi": "大舜雖耕在歷山\r\n心常孝順兩囂頑\r\n田中之象同家象\r\n善惡分明即此間",
        "content": "古人有舜在歷山田，父母皆頑梗，不講仁義忠信，而大舜事之極孝順，田常有象代舜耕田，有鳥代舜耕草，知能行善，則由天遣神祐，可免辛苦，若行惡，象不代他耕田矣，此即可以分出善惡，求此簽善吉，作惡凶，就此簽而論，亦當作為吉"
    },
    {
        "id": "35",
        "qianshu": "第三十五枝",
        "name": "中吉",
        "title": "唐僧取經",
        "shi": "天將降任此其人\r\n筋骨先勞苦彼身\r\n莫謂景佳來可易\r\n貧窮富貴有前因",
        "content": "天將以大任降此人，必先以貧窮勞苦其身，莫謂富貴發達，佳景來得輕易，人之貧窮富貴有前世因果也，求得此簽者，要立一片善心，凡事勿辭勞苦，將來必有報應，就此簽而論，有佳景二字，實則此簽有吉而無凶，但必先要一番艱辛，不修善則富貴不來也，此先難後易之簽，要慎防小人口舌"
    },
    {
        "id": "36",
        "qianshu": "第三十六枝",
        "name": "中吉",
        "title": "薛平貴歸家",
        "shi": "此事真如到岸船\r\n何憂風水不相全\r\n舉頭便見前村落\r\n屋角斜陽灶己煙",
        "content": "行船已灣到岸，不憂無風無水之慮，舉頭又見自己之村鄉屋角煮飯煙起，此乃薛平貴回家會妻，來到鄉村前所見之景象，心安快樂，無憂無慮，求得此簽者，事事平穩，有吉無凶"
    },
    {
        "id": "37",
        "qianshu": "第三十七枝",
        "name": "上吉",
        "title": "東坡遊赤壁",
        "shi": "月夜秋江下釣鰲\r\n魚形恰似四腮鱸\r\n家藏舊釀堪盈斗\r\n與友飛觴盡倒壺",
        "content": "蘇東坡月夜與友泛舟遊於赤壁，釣得四腮鱸魚，有一斗家藏舊酒，與好友共斟同飲，此乃快樂優遊之景象也，若求得此簽者，所謀順遂，百事皆吉，處處順利"
    },
    {
        "id": "38",
        "qianshu": "第三十八枝",
        "name": "中吉",
        "title": "陶淵明辭官",
        "shi": "歸去來兮仕官閒\r\n室堪容膝亦為安\r\n南窗寄傲談詩酒\r\n倚杖徘徊飽看山",
        "content": "晉陶淵明，辭官歸隱，對於做官看得甚閒，屋小僅堪容膝，亦此為可安居，倚南窗談詩飲酒，倚杖看山，此一，逍遙之安樂光景，求得此簽者，世事看得化，又要知機，不可貪圖富貴則逍遙自在，無妨礙，當要想透此簽首句一閒字，照此簽意有吉而無凶"
    },
    {
        "id": "39",
        "qianshu": "第三十九枝",
        "name": "中吉",
        "title": "夷齊恥食周粟",
        "shi": "夷齊不忍食周粟\r\n兄弟心甘採蕨餐\r\n讓國名應垂萬古\r\n可憐餓倒首陽山",
        "content": "伯夷與叔齊是商朝孤竹君的兩個兒子，孤竹君廢長立幼，死後立叔齊為繼承人，但叔齊卻堅決要讓給哥哥，伯夷也拒絕接受，結果兩人放棄做君王的機會，先後逃到周國，後來周武王伐紂，伯夷叔齊叩馬諫阻，周王滅商後，兩人恥食周粟，逃到首陽山，採薇蕨野草充饑，最終餓死，伯夷叔齊一向都被知識分子，崇拜為高尚節氣的榜樣。"
    },
    {
        "id": "40",
        "qianshu": "第四十枝",
        "name": "下下",
        "title": "俞伯牙碎琴",
        "shi": "人世知音能有幾\r\n碎琴都為子期亡\r\n墳前灑盡千行淚\r\n隔別陰陽各一方",
        "content": "春秋時出了一位傑出的琴師名伯牙，他有一位知音，就是鍾子期，可惜鍾子期比伯牙先離開這世界，伯牙悲痛不已，把心愛的琴摔得粉碎，他哭著在墳前說：世上只有子期才領會我的琴意，子期死了，陰陽相隔，天各一方，彈琴還有甚麼意思呢！從此真的不再彈琴了。此簽為下下，既有悲痛之象，亦有失友失物之意，而且暗示本身的才華無人賞識。"
    },
    {
        "id": "41",
        "qianshu": "第四十一枝",
        "name": "中吉",
        "title": "張騫月夜浮槎",
        "shi": "浮槎月夜到天河\r\n曾見天姬織錦梭\r\n石得支機人罕識\r\n那知此寶出雲窩",
        "content": "張騫先師於月夜泛艇到天河，見仙女織機，遂取其機頭之石而歸，世人少有識此寶，不知此寶出自雲間也，此簽言自己有寶物而不識，此難遇貴人之景象也，求得此簽者，當力行方便，善與人同，自有貴人來賞識矣，難得之寶而我獨得之，吉祥也，此簽凡事皆吉，無凶，無礙，不用憂疑"
    },
    {
        "id": "42",
        "qianshu": "第四十二枝",
        "name": "中吉",
        "title": "王允獻貂嬋",
        "shi": "月明散步到花欄\r\n無策焉能勦滅奸\r\n幸有貂嬋思定國\r\n英雄難過美人關",
        "content": "東漢時，有奸臣，董名卓，王司徒允欲誅滅之而無計策，月夜在花欄邊散步，有婢女名貂嬋，欲出計安定漢室，，司徒遂將貂嬋嫁與董卓，卓為英雄人物，乃昏迷於貂嬋，終受誅滅，是英雄難過美人關也，得此簽者，要立心忠直，有此善心，可以感動得人，必有貴人扶助，先難後易，終必成功也，此簽有吉無凶，但要防避小人口舌"
    },
    {
        "id": "43",
        "qianshu": "第四十三枝",
        "name": "下下",
        "title": "韓文公被貶",
        "shi": "衹因直諫怒天顏\r\n晝夜難離在馬鞍\r\n主樸奔忙神亦倦\r\n更加雪重擁藍關",
        "content": "韓文公以直諫激怒於人君，至被貶遠方，日夜騎馬鞍行之不歇，主僕如此奔忙，精神亦倦，更加遇落大雪，擁塞藍關之路，而不能行，此辛苦之景象也，求得此簽者，當謹慎，多行善事，亦可逢凶化吉，就此簽而論，凶多吉少，要防小人是非"
    },
    {
        "id": "44",
        "qianshu": "第四十四枝",
        "name": "中吉",
        "title": "唐天寶評花",
        "shi": "滿園春色鬥新妝\r\n意似爭姘奪國香\r\n到底是誰居麗首\r\n牡丹艷冠百花場",
        "content": "唐朝天寶年間，玄宗在位時，可稱全盛時代，所謂花開富貴唐天寶是也，簽載滿園春花鬥開得好樣，到底以牡丹花為第一，此簽有一種慶鬧景象，凡事俱皆平穩無礙也"
    },
    {
        "id": "45",
        "qianshu": "第四十五枝",
        "name": "中平",
        "title": "王質遇仙",
        "shi": "採樵不意到雲天\r\n閒看敲棋二老仙\r\n柯爛也思歸故里\r\n山中七日世千年",
        "content": "古人姓王名質，入山採薪，巧遇兩仙人敲棋，看到斧頭柄欄了，然後歸家，在山中不過七日，而世上經已過千年矣，結局似覺平淡，無甚歡喜，亦無妨礙，求得此簽者，各事皆平常而己"
    },
    {
        "id": "46",
        "qianshu": "第四十六枝",
        "name": "下下",
        "title": "左慈戲曹操",
        "shi": "黃柑數盒獻曹公\r\n剖看原來肉盡空\r\n怒動奸雄揮鐵斧\r\n奔忙身入萬羊中",
        "content": "三國時，左慈獻數盒於曹操，操將其柑剖開，無一個有肉，激怒曹操，以斧頭斬之，慈即奔入群羊中退避，，以假局欺人，惹禍歸身，有凶無吉矣，求得此簽者，凡事凶多吉少，急宜多行善事，凡做一，必要真實無妄，忠直存心，寬厚待人，方能化凶為吉也，求得此簽，要防小人是非口舌"
    },
    {
        "id": "47",
        "qianshu": "第四十七枝",
        "name": "中平",
        "title": "吳主索荊州",
        "shi": "遙遙千里來西蜀\r\n欲問荊州那日還\r\n劉備不言聲淚下\r\n自思無策轉吳間",
        "content": "昔劉備向吳借荊州，及劉備得蜀之後，東吳使人來西蜀，索取荊州，劉備一言未出，便痛哭流淚，自思無計策可以圓轉也，以一哭得還荊州，有借無還，而當哭泣之時，乃悲愁之景象，求得此簽者，凡事要隱忍受苦，多行善事，方能轉禍為福也，論此簽凡事凶多吉少"
    },
    {
        "id": "48",
        "qianshu": "第四十八枝",
        "name": "中平",
        "title": "卓文君賣酒",
        "shi": "繡閣聽琴自起思\r\n改妝寅夜最歡時\r\n可憐沽酒臨邛市\r\n才子佳人兩下廚",
        "content": "昔卓氏有女名文君，新寡，聽司馬相如彈琴，遂起情心，乘夜奔往相處，成為夫妻，但家貧，兩夫婦在臨邛市開設酒檔，一個是才子，一個是佳人，兩家都要當爐賣酒，此亦有辛苦之氣象也，司馬相如後大貴，求得此簽者，凡事要隱忍受苦，先難後易也，此簽不可作為吉，亦不作為凶，只得平常二字而已"
    },
    {
        "id": "49",
        "qianshu": "第四十九枝",
        "name": "中吉",
        "title": "司馬相如題橋",
        "shi": "十年窗下苦功成\r\n有志難舒願不輕\r\n試看題橋十三字\r\n生平心誓確鍾情",
        "content": "昔司馬相如，十年窗下苦心讀書，貧窮不得意，其為有志氣之人，故當入蜀過橋，題十三字於橋柱曰，他日若不乘高車駟馬，不過此橋，隨後果得大貴回家，經過此橋，有志者事竟成矣，求得此簽者，凡事要自己立定志向，務須要不辭勞苦，自然先難後易，皇天向不負好心之人，若能修善者，報應更迅速，論此簽，各事有吉而無凶，此簽擬上吉與第八十五枝語意相同，是為一快活如意之景象也"
    },
    {
        "id": "50",
        "qianshu": "第五十枝",
        "name": "中吉",
        "title": "伍員贈劍漁父",
        "shi": "記得當年伍子胥\r\n潛奔難渡幸逢漁\r\n欲將寶劍相持贈\r\n大義交朋郤不辭",
        "content": "昔伍子胥楚人也，楚王追殺之，避難奔至江邊，有一漁舟救之渡江，伍子胥將自己之劍贈於漁父，漁父不受，以此大義相交，故辭劍也，求得此簽者，凡事不可有貪心，有益於人之事，無論人之知與不知，人之報與不報，力到便做，講義不講財可也，以簽論，凡事平穩無礙，此凶中有吉之簽也"
    },
    {
        "id": "51",
        "qianshu": "第五十一枝",
        "name": "中平",
        "title": "成王剪桐封弟",
        "shi": "剪桐雖是作兒嬉\r\n封弟成王語不移\r\n何以偽為成實事\r\n言因無戲故如斯",
        "content": "周成王在宮中，自剪桐葉如圭形，與弟戲言曰，封爾為諸侯，至周公入賀，成王曰，吾戲言耳，周公曰，君無戲言，遂封其弟唐叔於唐，隨後其子改唐國日晉國，求得此簽者，一言一行均要子細，不可作為兒戲，恐弄假成真，真恨錯則難以挽回也，論此簽亦屬平平常常而矣，諸事亦無阻而無礙"
    },
    {
        "id": "52",
        "qianshu": "第五十二枝",
        "name": "中平",
        "title": "盤古開闢天地",
        "shi": "上清下濁成天地\r\n清濁相凝便作人\r\n爾欲籤求明白事\r\n且將三等細分明",
        "content": "氣清而上浮者為天，氣濁則下凝者為地，半清半濁在中間為人，三等分開，求得此簽者，凡事以清潔為上，不可污，不可濁，若有所貪，即成污濁，流而為下矣，倘有時清潔，有時污濁，則不上不下，是中間之人，三等分明，隨人自作，存善心行善事，斯為清潔而居上等也，清潔之人凡事皆吉，污濁之人，凡事皆凶"
    },
    {
        "id": "53",
        "qianshu": "第五十三枝",
        "name": "中吉",
        "title": "馮煖客孟嘗",
        "shi": "珠履三千客孟嘗\r\n誰人識得有鷹揚\r\n其中彈鋏歸來者\r\n便是英雄志莫當",
        "content": "戰國時，齊公子孟嘗君，有食客三千人，馮煖為下客，彈劍鋏而歌曰，彈鋏歸來乎食無魚，出無車，孟嘗君因之待以上客之禮，馮煖為英雄人物，其志氣無人可當也，此簽大意，言眾人所不能識者，就其中有一個英雄，求得此簽者，凡事一定有好處，即英雄也，但必要修善，有神護助，始能識得出其好處耳"
    },
    {
        "id": "54",
        "qianshu": "第五十四枝",
        "name": "中平",
        "title": "莊周夢蝶蜨",
        "shi": "莊子酣眠成蜨夢\r\n翩翩飛入百花叢\r\n天香採得歸來後\r\n猶在高床暖枕中",
        "content": "古人姓莊名周，夢自己化為蝴蝶，飛入花叢採花，夢醒之後，乃在高床暖枕中也，此乃一片假局，求得此簽者，凡事多虛少實，究無可取，但亦無大妨礙，因此簽有逍遙自在之意也"
    },
    {
        "id": "55",
        "qianshu": "第五十五枝",
        "name": "中平",
        "title": "吳隱之投沉香",
        "shi": "浦號沈香遺舊恨\r\n渡江猶憶古人心\r\n可憐當日辭官去\r\n雖有馨留不易尋",
        "content": "古人吳隱之，來廣東作官，愛護子民，兩袖清風，及辭官回家，人民感其德政，紛紛贈以禮物，隱之不接受，只受一沉香扇墜，及乘舟離任，風浪大作，隱之禱告天地，將該沉香扇墜投於水，以示清廉，果然風平浪靜，一路平安達家園，後人因此稱該處為沉香浦，渡江者每追念當年隱之之清廉，求得此簽者，凡事平穩，須然吉中微有凶，但到底必好，不用憂疑"
    },
    {
        "id": "56",
        "qianshu": "第五十六枝",
        "name": "中吉",
        "title": "呂祖桃木劍",
        "shi": "安知此劍不成龍\r\n見水都應出袖中\r\n他日飛騰千萬里\r\n上空妖嬌有雲從",
        "content": "袖中之劍，見水則出而化為龍，飛騰萬里，此古之奇事，吉祥之兆也，但本簽有安知二字，則此劍仍未化龍也，求得此簽者，有吉無凶，如能多行善事以培補之，則凡事愈順遂，必發達矣"
    },
    {
        "id": "57",
        "qianshu": "第五十七枝",
        "name": "中吉",
        "title": "獨占花魁",
        "shi": "小樓春雨聲初歇\r\n彳亍街頭屐不停\r\n忽聽賣花人入巷\r\n一枝買得慢慢行",
        "content": "春雨初歇，穿屐行街者不停，忽聞有賣花者入巷叫賣鮮花，買得花一枝，而慢慢行路，恐路濕滑也，求得此簽者，凡事要淡定，不可急速，能謹慎自無差錯矣，依此慢慢行三字論之，則平安大吉，凡事亦平穩無礙"
    },
    {
        "id": "58",
        "qianshu": "第五十八枝",
        "name": "下下",
        "title": "蹇叔諫君",
        "shi": "秦師大敗在殽山\r\n三帥皆擒盡放還\r\n蹇叔諫言因不聽\r\n倒戈捨甲返秦間",
        "content": "秦穆公不聽老臣蹇公之言，出師侵鄭與晉人戰於殽，秦師不敵大敗，三個大元帥俱皆被擒，秦穆公之女，本為晉君之母，請晉康公將三元帥放還回秦，倒戈棄甲，此簽凶險之極，求得此簽者，凶多而吉少，要多行善事，方能轉禍為福也，宜當天作福吉"
    },
    {
        "id": "59",
        "qianshu": "第五十九枝",
        "name": "下下",
        "title": "東施效顰",
        "shi": "涴溪紗女美無雙\r\n媚至吳王國破亡\r\n最惱東施效顰笑\r\n山雞豈可勝鸞凰",
        "content": "昔有美女名西施，原為在溪邊涴紗之女，越王勾踐，送上西施於吳王，媚得吳王極昏，終至亡國，有女子東施者，其貌極醜，乃學西施之顰笑以媚人，以至弄巧反拙，所謂山雞豈會變鳳凰，即此之意也，求得此簽者，凡事要守份安命，順時聽天，不可心高而強求妄想，明知自己不如人，而強學於人，反為不美，必凶多吉少"
    },
    {
        "id": "60",
        "qianshu": "第六十枝",
        "name": "中平",
        "title": "李白醉和番書",
        "shi": "和番醉筆似雲煙\r\n日在長安酒店眠\r\n倘遇唐皇頒令召\r\n重呼不上木蘭船",
        "content": "古人李太白，性喜酒，日眠於長安市酒店，唐明皇有令召之，再呼亦不下船，因此地乃一好快活逍遙之所，而，他不貪富貴者也，求得此簽者，宜看各事等閒，不可貪心，勿與人爭長短，況且色即是空，即是色，不為物慾所累，退一步想，自然快樂，以簽論之，凡事亦平穩無礙"
    },
    {
        "id": "61",
        "qianshu": "第六十一枝",
        "name": "下下",
        "title": "十二金牌召岳飛",
        "shi": "十二金牌速召回\r\n奸雄設計幾時灰\r\n可憐一旦功勞散\r\n老少扶車不斷哀",
        "content": "宋岳飛，大敗金人，奸臣秦檜，設法假冒聖旨害之，擅用十二度金牌，召岳飛收兵回朝，使岳飛之兵散局，而不成就，老少扶著岳飛之車而泣，哀聲不斷，岳飛卒被秦檜害死，此簽有凶無吉，求得此簽者，事事要提妨小人侵害，且要多行善事，廣結善緣，乃能消此劫氣，逢凶化吉，轉禍為福也，宜當天作福吉"
    },
    {
        "id": "62",
        "qianshu": "第六十二枝",
        "name": "中平",
        "title": "孔子不仕",
        "shi": "美玉於斯韞匱藏\r\n休求善價費商量\r\n沽之亦可隨相待\r\n此物何須自看常",
        "content": "美玉藏之於櫃，必要有人來問，如肯出高價錢，然後發賣，不可為求人買，將自己看低，而賤價售之也，若求得此簽，凡事不必心急，必須要待時機，而後方可動，如若自己看低自己，枉道求合，究不如守舊為高也，凡事平穩，無甚阻滯，漸見光明矣"
    },
    {
        "id": "63",
        "qianshu": "第六十三枝",
        "name": "中吉",
        "title": "顏回樂道安貧",
        "shi": "陋巷簞瓢不足愁\r\n旁人見此甚為憂\r\n不知樂道忘貧乏\r\n亞聖芳名萬古留",
        "content": "古人姓顏名回，一簞食，一瓢飲，在於陋巷，旁人見之甚憂，而顏子自樂其道，他不覺自己之窮，工夫做到聖人地位，而名留萬古，求此簽者，凡事務須要忍於貧苦，一切財利，不可貪戀，一於真心修善，則實至名歸，名垂不朽矣，就算貧乏終身，亦無礙也，此簽有吉無凶"
    },
    {
        "id": "64",
        "qianshu": "第六十四枝",
        "name": "中吉",
        "title": "孟之反殿師",
        "shi": "奔殿須知上古人\r\n入門策馬不誇能\r\n敗師誰肯甘從後\r\n託謂鳴驄畏苦辛",
        "content": "昔魯與齊戰，魯敗北，孟之反奔到收尾，第一，謂之殿軍，有功能最著者也，在人必誇張不已，孟之反入策馬曰，非敢後也，馬不進也，此不誇自己之功能，孔子嘗稱贊之，求得此簽者，凡事要忍辱待人，不可與人爭論，修德寬心接物，如此可逢凶化吉矣"
    },
    {
        "id": "65",
        "qianshu": "第六十五枝",
        "name": "下下",
        "title": "胭脂井藏妃",
        "shi": "隋滅陳時戟伐紛\r\n都因妖媚閉明君\r\n東奔西赴無藏息\r\n井裡胭脂隱玉人",
        "content": "昔陳後主，為張貴妃孔貴妃所媚，昏迷之極，隋高祖起兵伐之，陳後主東奔西走，無可藏匿，遂與貴妃等隱藏於宮中之胭脂井，隋兵到，以繩引之而出，執之以歸，遂將陳滅，敗國而喪身，此乃極凶之簽也，求得此簽者，凡事要謹慎，勿受小人昏閉，多行善事，乃能消此劫氣，轉禍為福也，此簽要防女子小人口舌，宜天后廟作福吉"
    },
    {
        "id": "66",
        "qianshu": "第六十六枝",
        "name": "上吉",
        "title": "羲之會群賢",
        "shi": "蘭亭雅會眾群賢\r\n曲水流觴舍箸絃\r\n天朗氣清風惠暢\r\n茂林修竹樂怡然",
        "content": "古人王羲之，三月三日，合眾賢人至會稽山之蘭亭，是日天氣朗潤而不暗，惠風和暢而不寒，此地有茂林修竹，王羲之與群賢，曲水流觴而飲西，此乃一種自在逍遙快樂景象，此簽百事吉祥，此簽乃上吉，是快活景象也，與第七十八枝相同，以三月占得該簽為最合"
    },
    {
        "id": "67",
        "qianshu": "第六十七枝",
        "name": "中平",
        "title": "李元霸稱雄",
        "shi": "人維勇力不能當\r\n莫恃英雄獨冠場\r\n可挾泰山超北海\r\n身心猶貴重存亡",
        "content": "人雖有勇力，不可自恃，李元霸稱第一英雄，能做得世間極難之事，能挾泰山以超北海，其身也要保重，慮其存而易亡，此心要持守，不可亡而不存也，求得此簽者，必要存一點善心，凡事和靄，不以身犯險，自無不吉矣"
    },
    {
        "id": "68",
        "qianshu": "第六十八枝",
        "name": "中吉",
        "title": "姜公遇文王",
        "shi": "久抱凌雲吉未舒\r\n荷竿渭水釣遊魚\r\n文王千里求賢士\r\n滅紂興周任意如",
        "content": "古人姜太公，久，出身之志，而未合時，隱於渭水釣魚，及文王遠求賢士，拜姜太公為帥，滅商興周，任其意，自如，此簽乃先難後易，求得此簽者，凡事存一片善心，守慎安命，順時聽天，終必有貴人引提拔，事事如意吉祥，榮華發達也，試拭俟之，又此簽要藏器待時，與八十四枝簽相似"
    },
    {
        "id": "69",
        "qianshu": "第六十九枝",
        "name": "中吉",
        "title": "韓文公祭鱷魚",
        "shi": "忠義存心官十載\r\n年豐民樂惠難忘\r\n鱷魚毒害都能息\r\n禱告長江北海王",
        "content": "韓文公為潮州刺史，忠心為國為民，年豐民樂，潮州大海有鱷魚食人，韓文公祭之，其害遂止息，求得此簽者，務要自己存一點善心，宜多行方便則善氣所感，可逢凶化吉，劫運可消除矣，就此簽論，平穩無礙，有吉而無凶，但要防避小人是非口舌"
    },
    {
        "id": "70",
        "qianshu": "第七十枝",
        "name": "中平",
        "title": "塞翁失馬",
        "shi": "可比當年一塞翁\r\n雖然失馬半途中\r\n不知禍福真何事\r\n到底方明事始終",
        "content": "古人塞翁失馬，人吊之，塞翁曰安知非福，隨後馬回，人賀之，塞翁曰，安知非禍，其子騎跌傷足，人亦吊之，塞翁曰，安知非福，其後秦王築城，各家也要人去築城，塞翁以其子不便於行動，遂免，是福也，人生禍福，難以判定，到底方知，惟行善者，禍可以轉為福，若求得此簽者，不可以現下有福而歡喜，亦不可因現下有禍而憂愁，總要立定主意，一於行善，方便於人，此簽吉凶難定，隨人自作，凡事宜子細，方可避免"
    },
    {
        "id": "71",
        "qianshu": "第七十一枝",
        "name": "中下",
        "title": "莊周激水活鮒魚",
        "shi": "涸轍之中鮒困之\r\n窮通自可卜當時\r\n若能引得西江水\r\n他日成龍也未知",
        "content": "魚困於水車坑，辛苦極矣，若引西江水來救之，則他日成龍未可知也，求得此簽者，有受困而難得貴人之象，要立即修善以感動人心，後必有貴人來提拔，轉禍為福，宜早不宜遲，如魚失水，不能待久也，此簽乃凶多吉少，現下尚未定者，全在人事而為之"
    },
    {
        "id": "72",
        "qianshu": "第七十二枝",
        "name": "中平",
        "title": "宋人守株待兔",
        "shi": "兔兒久待意何如\r\n堪嘆愚人獨守株\r\n算是無能令我笑\r\n不須守舊自拘拘",
        "content": "古人有看守一樹，待兔來者，待之甚久，不見兔來，此人仍守樹而不去，其愚拙無才能，真令人笑矣，求得此，者，不可拘泥守舊，若一味固守，雖屬無大礙，究亦無益也，又何若而為此哉"
    },
    {
        "id": "73",
        "qianshu": "第七十三枝",
        "name": "上上",
        "title": "狀元衣錦榮歸",
        "shi": "夾道花香襯馬蹄\r\n藍袍改換錦衣歸\r\n滿街紅粉皆爭羡\r\n翹首芳名雁塔題",
        "content": "中進士點狀元謂之雁塔題名，穿著藍袍去而換轉錦衣歸，一路花香襯馬蹄，滿街都是紅粉女，爭看狀元來，此乃群眾歡呼快活之事，求得此簽者，萬事皆吉祥"
    },
    {
        "id": "74",
        "qianshu": "第七十四枝",
        "name": "下下",
        "title": "朱買臣分妻",
        "shi": "回憶當年運蹇時\r\n夫妻反目兩分離\r\n名題雁塔歸來候\r\n覆水馬頭時否悲",
        "content": "古人朱買臣，家貧其妻求去，隨後朱買臣大貴，其妻愁恨，欲想求再為夫妻而不得，如覆水於馬頭，此水已經落地，難以回收也，求得此簽者，凡事要隱忍受苦，將來必有發達之日，若不能立定堅志，遇有不如意之事，即欲求改，到時必恨錯難翻矣，就此簽論，有凶無吉，須知機也"
    },
    {
        "id": "75",
        "qianshu": "第七十五枝",
        "name": "下下",
        "title": "倫文敘戲妻",
        "shi": "婚姻起可厭家貧\r\n文敘夫妻兩拆分\r\n一旦首登龍虎榜\r\n戲妻樓墜自身亡",
        "content": "古人倫文敘，家貧，其妻因而改嫁去，及倫文敘中狀元回家，其妻恨錯難翻，跳樓自盡而亡，此凶極之簽也，求得此簽者，凡事總要安份守己，不可多心妄想，捱得若楚，然後苦盡甘來，因禍而得福也，世界花花，不外循環兩字，否極則必見泰來，若不修善而妄動橫行，禍機一發，到時悔之莫及矣"
    },
    {
        "id": "76",
        "qianshu": "第七十六枝",
        "name": "中平",
        "title": "修身不厭貧",
        "shi": "人能樂道自修身\r\n疏水曲肱豈厭貧\r\n不義而富且富者\r\n我心都作是浮雲",
        "content": "昔孔子食粗飯，飲水，枕手肱，不厭自己貧窮，仍然快樂，自修其身，不合義之富貴則視如浮雲之無有，求得此簽者，必要隱忍，受得艱辛，不可有厭氣，且要樂心行善事，修身積德，要把定自己，不貪不謀，要能安貧樂道，始終無怨心，將來必有一番佳景，可預卜之，不用憂疑也"
    },
    {
        "id": "77",
        "qianshu": "第七十七枝",
        "name": "中平",
        "title": "公冶長受辱",
        "shi": "鳥語能通公冶長\r\n南山有個虎馱羊\r\n其身雖在於縲絏\r\n到底非關自已殃",
        "content": "古人公冶長，能通曉鳥之言語，家貧無飯食，有一鳥說南山有虎拖羊，公冶長遂往南山執羊食之，而失羊之人疑公冶長偷羊，告官出差，將公冶長押在獄中，到底非關自己有罪，隨後又得此鳥救還公冶長出獄，求得此簽者，凡事要謹慎，不可輕聽人言，不可理人閒事，自己僅能以收善為心，雖有意外之慮，受人冤屈，不可與人爭論長短，終必有救星，可逢凶化吉，此乃先難後易之簽，要防小人"
    },
    {
        "id": "78",
        "qianshu": "第七十八枝",
        "name": "上吉",
        "title": "曾點論志",
        "shi": "瑟希鏗爾尚留聲\r\n春暮時剛春服成\r\n冠五六人童六七\r\n舞雩歸詠暢幽情",
        "content": "昔曾點與孔子言，瑟希鏗稱，舍瑟而作，時逢三月，暮春之衣服，單衫夾衲，剛已縫起，與二十歲之冠者，已婚之人，約五六人，十五六歲之童子，又約六七人，同一隊往魯國沂水處，澣濯其身，舞雩林下乘涼，一路唱歌而歸，以此為舒暢其心情，此乃快活之景象也，求得此簽者，凡事必須安守本，善與人同，則隨時隨地無不優遊快活矣，此簽乃是上吉之簽，三月抽得最合時宜時逢三月，暮春之衣服，單衫夾衲，剛已縫起，與二十歲之冠者，已婚之人，約五六人，十五六歲之童子，又約六七人，同一隊往魯國沂水處，澣濯其身，舞雩林下乘涼，一路唱歌而歸，以此為舒暢其心情，此乃快活之景象也，求得此簽者，凡事必須安守本，善與人同，則隨時隨地無不優遊快活矣，此簽乃是上吉之簽，三月抽得最合時宜曰"
    },
    {
        "id": "79",
        "qianshu": "第七十九枝",
        "name": "中平",
        "title": "張良悟道",
        "shi": "富貴有如春夢熟\r\n世人何苦力爭求\r\n任他秉笏當朝立\r\n到死惟留土一坏",
        "content": "富貴如春夢，一醒便無，世人何苦強求，任你為相封侯，官居極品，人生數十年光景，死後惟賸一堆坭土而已，一念及此，殊覺冷淡，求得此簽者，惟安份守己，切勿起貪心而妄求，更要存心積善，名垂不杇，萬載留存，更為實際，切不可以虛之心來對人，此簽無歡喜處，亦無害處，平常而已"
    },
    {
        "id": "80",
        "qianshu": "第八十枝",
        "name": "中吉",
        "title": "樂廣釋疑",
        "shi": "飛觴對舞幾時賒\r\n弓影橫杯誤作蛇\r\n猜透詩中元妙訣\r\n泰來否極事無差",
        "content": "飲酒歌舞，本極快活，而杯中弓影，作錯誤認為蛇，是無事而為有事也，不知人衰到極地，天道循環，自然否極泰來，斷無差錯，可預卜之，求得此簽者，必要力行善事，即使對人有愧，對鬼神亦無懼，則心有主宰矣，遇艱苦之事，亦易應對，不至誤為蛇落杯等弊，此乃衰極而轉歸，榮發之簽也，凡事俱平穩無礙"
    },
    {
        "id": "81",
        "qianshu": "第八十一枝",
        "name": "中吉",
        "title": "雌雉朝聖",
        "shi": "山粱雌雉得其時\r\n上下飛鳴自樂之\r\n色舉須知翔後集\r\n作聲三嗅過山欹",
        "content": "孔子與子路經過橋邊，見山上有一雌雉飛上飛落，真得其時，看見有人想害自己之顏色，即時高飛遠去，四圍審慎乃敢棲止，又鳴三聲而飛過山側，此有驚險之意也，鳥之知機如此，求得此簽者，觸物思人，當要識時務曉機關，遇有不合意者，勢色不同，立即轉機退避，探真地步，穩陣無險，方可停留，恐人害己，而入其牢籠而不知，故要提防小人及是非也，此簽如將一切口舌避免方吉"
    },
    {
        "id": "82",
        "qianshu": "第八十二枝",
        "name": "中平",
        "title": "孔子擊磐",
        "shi": "聖人擊磬在於衛\r\n誰料過門有荷簣\r\n嗟嘆有心挽道窮\r\n可憐日月今將逝",
        "content": "昔孔夫子有衛國，磬，有一人挑一竹籮行過門口，聞磬聲而嗟嘆，話擊磬者係有心救世之人，可惜今日年紀將，耳，求得此簽者，凡事當以救人為己任，或出錢，或出力，有利益於人者便要做，幽則有神賞，明則有人稱羡，何樂不為，若年紀老更要及早行善以救人，則必有貴人扶助，此簽似有憂愁氣象，問事者亦平常，無礙，平穩，但是非小人口舌，恐難避兔矣，宜慎防能避之者吉"
    },
    {
        "id": "83",
        "qianshu": "第八十三枝",
        "name": "中平",
        "title": "赤松子招隱",
        "shi": "凡塵身歷幾時閒\r\n世事渾如疊疊山\r\n既富尚憂無貴子\r\n不知花放又花殘",
        "content": "人在凡塵，無幾時得閒暇，冷眼一看，世事之多，堆積如山，既得富而有錢，尚憂無貴子，得一件又想另一件，須知花花世界，花開則花又謝也，此簽之意，世道循環，無長久富貴，一切功名錢財，妻兒子女，第一要知足，第二要看化，隨遇而安，不為世事所累，此身才有日清閒耳"
    },
    {
        "id": "84",
        "qianshu": "第八十四枝",
        "name": "中吉",
        "title": "韓信棄楚歸漢",
        "shi": "滿腹奇才志未沖\r\n鐵雞難舉意無容\r\n張良指示身投漢\r\n項羽烏江命自窮",
        "content": "朝韓腹奇才，而不得志，力弱欲舉鐵雞而不得，隨後遇張良，教之投入漢高祖軍中，輔佐高祖，，敗項羽，在烏江自刎，此簽乃先難後易也，求得此簽者，作事不可心急，暫時安份守己，行修福，終必有貴人提拔，風雲際會，榮華發達，吐氣揚眉也，人生斯世，時運未到，藏器待時可也，此簽要藏器待時，與第六十八枝相同"
    },
    {
        "id": "85",
        "qianshu": "第八十五枝",
        "name": "上吉",
        "title": "太乙燃藜",
        "shi": "太乙燃藜照讀書\r\n十年窗下苦功舒\r\n揚眉吐氣袍穿錦\r\n駟馬高車擁道隨",
        "content": "太乙神燃藜枝，照明讀書，又用十年辛苦工夫，一旦得大貴回家，身穿錦袍，有高車駟馬隨後，此榮華發達，快活無憂之景象，求得此簽者，萬事如意吉祥，貴人得力，敢決求得此簽者，必定丁財兩旺也"
    },
    {
        "id": "86",
        "qianshu": "第八十六枝",
        "name": "中平",
        "title": "侃母迎賓",
        "shi": "截髮迎賓否也貧\r\n貧中賢婦更何人\r\n古今衹有陶侃母\r\n所以名留萬代聞",
        "content": "陶侃是晉代一位德才兼備的大官，最初為縣吏，因表現出色，後逐步陛遷官至征西大將軍，荊江兩州刺史，統領八州軍事，為官四十年如一日，不貪不飲不賭，從不浪費一紙一木，這支簽是講述陶侃年少時家貧，無錢迎迓賓客陶母非常賢淑，毅然剪下自己的長髲，拿去變賣，這樣的賢婦，古今只得陶母一人，是值得萬世景仰的。"
    },
    {
        "id": "87",
        "qianshu": "第八十七枝",
        "name": "中平",
        "title": "荀陸座談",
        "shi": "會談華座逞英雄\r\n究竟誰人秉大公\r\n一云日下荀鳴鶴\r\n一說雲間陸士龍",
        "content": "荀鳴龍，皆古時出色英雄人物，有一日，荀陸兩人相遇座中談論，一人講一樣，各逞英雄，難分，一，終亦無人能秉公決斷之，此有口舌是非之象，求得此簽者，不可亂聽人言，及與人爭執，，逢凶可以化吉，平安無事，此簽不凶不吉，平平穩穩，但要防是非口舌，言語都要謹慎為是"
    },
    {
        "id": "88",
        "qianshu": "第八十八枝",
        "name": "中吉",
        "title": "花木蘭從軍",
        "shi": "替父從軍膽氣雄\r\n鬚眉巾幗幾人同\r\n以身報國忠而孝\r\n笑煞當時眾鉅公",
        "content": "昔有女子花木蘭，代父從軍出戰，以身報國，盡忠兼能盡孝，本係女子巾幗，而有男子鬚氣概，英雄膽志，當時許多出色人物，袞袞諸公，皆不及此女子，真可笑矣，求得此簽者，當即勇往向前，不辭勞苦，人所難造者，自己盡心竭力造之，有此氣概，事事皆吉，就簽論之，凡事均如意吉祥無礙"
    },
    {
        "id": "89",
        "qianshu": "第八十九枝",
        "name": "下下",
        "title": "吳季子掛劍",
        "shi": "他鄉遠歷佩魚腸\r\n誰料徐君意欲將\r\n既返願為相贈答\r\n且懸樹下表情長",
        "content": "吳季子，佩著寶劍遊歷他邦，經過徐國，徐君見此劍而甚愛之，季子欲待遊罷之後，再經過徐國，然後將此劍送與徐君，及返，徐君己死，季子將劍掛於徐君之墳墓前樹上而去，以表自己之長情也，求得此簽者，凡事要謹慎而行，切不可隨意，如屬問自身簽，探喪問病都不宜去，以免沾染病痛也，宜向社壇作福吉"
    },
    {
        "id": "90",
        "qianshu": "第九十枝",
        "name": "中平",
        "title": "紅拂女私奔",
        "shi": "細整殘妝夜欲奔\r\n座中李靖更何人\r\n那知虯髯情鍾處\r\n拔劍三回未敢陳",
        "content": "昔有紅拂女，與李靖有私情，夜欲私奔，紅拂女方梳妝，適遇虯髯公到，見此女而鍾愛之，李靖以為虯髯公調戲此女，欲拔劍斬之，紅拂女止之，三次欲拔劍而未動，彼此隨後亦無妨礙，求得此簽者，凡事隱忍讓人，方能逢凶化吉，就簽而論，不為吉亦不為凶，不過無大礙，平淡而已"
    },
    {
        "id": "91",
        "qianshu": "第九十一枝",
        "name": "上上",
        "title": "月裡嫦娥",
        "shi": "蟾宮月殿桂飄香\r\n玉篋團圓萬里光\r\n六水三山歸鏡裡\r\n無瑕一片掛窮蒼",
        "content": "月光圓滿，丹桂飄香，無半點雲霞遮蔽，萬里光明，四圍山水都照見，求得此簽者，凡事如意吉祥，毫無阻滯，謀望亨通，有求必就，暑秋天抽得，更覺合時"
    },
    {
        "id": "92",
        "qianshu": "第九十二枝",
        "name": "中吉",
        "title": "在齊聞韶樂",
        "shi": "至聖周流列國行\r\n在齊得聽奏詔樂\r\n三月不知嘉肉味\r\n善哉大道可功成",
        "content": "昔孔子周遊列國，在齊國聞人作詔樂，因之學作詔樂，有三個月之久，每膳不知肉味，其專心為此，必得成功矣，此簽大意，言人凡事能專心去做，則必成功，求得此簽者，作事要有恆心，有堅志，不可分心騖外，則自然有吉無凶矣，凡事順利"
    },
    {
        "id": "93",
        "qianshu": "第九十三枝",
        "name": "下下",
        "title": "孔子聞鄭衛之音",
        "shi": "鄭衛之音不忍聽\r\n淫風敗俗國將傾\r\n令人深入迷津路\r\n所奏全非古樂聲",
        "content": "鄭衛之音，敗壞風俗，至於亡國，令人聽聞後一味昏迷依戀，有損無益，求得此簽者，凡事當謹慎，擇善而行，一切聲色財利不合義者，切不可貪，必至敗家喪身矣，要防小人說是非，慎勿輕信人言"
    },
    {
        "id": "94",
        "qianshu": "第九十四枝",
        "name": "中平",
        "title": "髯公遠走扶餘",
        "shi": "一窟難客兩虎兒\r\n乘風別嶺名棲之\r\n名山自守為巢穴\r\n可免傷殘後悔遲",
        "content": "一山不能藏二虎，若有風起，當乘風而分棲別嶺，各守一巢穴，免至兩家相爭，兩家都受禍，恨錯難返也，求得此簽者，兩人謀事必不成，即成亦難得長久和衷共濟，凡事總要知機，預先退避，不可勉強去做，又要審度時勢方可舉行，如虎之待有風，乃可分居別處，如此彼此可免傷殘矣，此簽凶中似有吉，若能隱忍讓人，則可以轉禍為福，不可不知"
    },
    {
        "id": "95",
        "qianshu": "第九十五枝",
        "name": "中平",
        "title": "女媧煉石補天",
        "shi": "功勤一簣可成山\r\n由少而多莫憚煩\r\n作事畏辛今汝畫\r\n補天煉石亦無難",
        "content": "勤力擔泥，一斗又一斗，由少而多，可以積成一山，今人作事，每好逸惡勞，是劃地自限也，若能立定堅志，努力向前，如女媧氏煉石以補天，亦無難事也，求得此簽者，凡事要不辭勞苦，勤懇用功，終必有成，到時一勞永逸，苦盡甘來也，乃平穩之簽，不用憂疑"
    },
    {
        "id": "96",
        "qianshu": "第九十六枝",
        "name": "中平",
        "title": "遊子思家",
        "shi": "羌曲頻吹韻更悲\r\n異鄉作客觸歸期\r\n南來孤雁如憐我\r\n煩寄家書轉達知",
        "content": "凡遊子出外作客，以依期歸家為快，今作客他鄉，聞吹羌笛之聲，音韻悲切，想起回家日期而未得歸，惟望雁鴻憐憫，托帶家書以報平安，此乃出路艱難之景況，求得此簽者，凡事宜慬慎，秋季更要注意，宜向天后娘娘作福吉"
    },
    {
        "id": "97",
        "qianshu": "第九十七枝",
        "name": "中平",
        "title": "康順釣魚",
        "shi": "憑欄晚眺倚南樓\r\n滿目風光景色幽\r\n一葉小舟頻下釣\r\n漁翁釣得有魚無",
        "content": "凡取魚者，用網一拋而得魚多，用釣則逐個而得魚少，今登樓晚望，滿目佳景，見一艇細小如葉，浮於水面，不甚安穩，漁翁頻頻下釣，未有休息，而未知釣得魚否，此簽仍無大礙，但凡事宜謹慎"
    },
    {
        "id": "98",
        "qianshu": "第九十八枝",
        "name": "中平",
        "title": "管鮑分金",
        "shi": "入山種玉嫌田狹\r\n掘地尋金厭客多\r\n富貴貧窮天注定\r\n世人何苦力奔波",
        "content": "入山種玉，田狹則收成少，掘地求金，人多就會分得薄，實則為人不必如此辛苦奔波，因富貴二字，有前生因果，上天已安排分配注定矣，求得此簽者，凡事宜力到力為，修善果植福基，自然可以獲福，不必強求，所謂不須著意求佳景，自有奇逢應早春，此簽平穩無礙，不用憂疑"
    },
    {
        "id": "99",
        "qianshu": "第九十九枝",
        "name": "中平",
        "title": "韓文公遇雪",
        "shi": "雪擁橋頭馬不前\r\n風狂漁父莫開船\r\n水流花謝人誰惜\r\n早立堅心志勿偏",
        "content": "唐朝韓文公，被貶到潮州為官，來到秦嶺，遇大風雪，馬不能行，船亦不能開航，所謂雲橫秦嶺家何在，雪擁藍關馬不前，進退為谷，幸得湘子救護，始獲脫危難，求得此簽者，凡事務須謹慎，更宜防小人口舌是非，此簽雖無大礙，亦無可喜，能謹慎可得平穩而已"
    },
    {
        "id": "100",
        "qianshu": "第一百枝",
        "name": "中吉",
        "title": "唐明皇賞花",
        "shi": "百花競放賀陽春\r\n萬物從今盡轉新\r\n末數莫言窮運至\r\n不知否極泰來臨",
        "content": "此簽乃收尾第一百目到此，則為盡頭，人運到此，則為窮極矣，惟窮極無路，轉移在人，易窮則變，變則通，運循環，無往不復，如百花爭放，以賀新春，萬象維新，人亦從此改過從善，滌慮，，舊染污濁，煥然一新，雖目前否塞之極，自有亨通榮發之時也，求得此簽者，漸進佳境，苦盡甘來，轉禍為福也"
    }
]