[
    {
        "wh": "金",
        "hz": "匕刀人入厶才*亍川寸千刃三上尸士夕小仇乏戈仁仍冗少升什氏手殳四兮心刈仄爪册叱斥出叼刊*仟且仞申生失石史矢世仕市示甩司玊仙乍占正主臣丞舛此次汆存丢而吏列任扔如色舌式守妁死寺夙凸刎西吸先囟匈旬曳再在早吒州舟字扱岔吵车成赤氚串吹忖兑判七吣忍妊礽删劭佘伸身束吮私伺兕姒宋忒吻伭辛秀序巡酉皂卮吱伫助妆壮孜走佐作坐侘昌抄弨扯忱承忡沖初垂佌刺儿庚刮戋金净侃刻孥妻戕青取叁刹姗疝尚舍社侁呻使始事受抒叔刷祀忪怂所兔昔穸些姓刖甾昃怎咋轧侄忮周妯咒宙侏抓宗卒臿查姹差拆怊伡疢宬怵穿舡春殂促毒度耏钆宫剞刭枯前怯侵秋纫肜柔砂衫舢厍哂矧甚牲省施食室是首姝耍帅闩思娀叟俗剃祆籼庠削信星性咻庥胥叙宣页钇俞俣哉昝蚤则眨咤怔咫峙肘拄拙咨姿俎昨怍剥财睬仓敇豺刬伥倡鬯晁眧耖唓宸乘蚩持翅刍俶纯祠脆厝凋钉珐刚罡剐怪借峻钌倪钋剖倩挈邛讱轫衽狨辱弱珊闪讪剡扇哨射珅娠神眚师十时拾狩书纾殊衰拴素祟孙隼唆索恸剜紊唏息席掀宵笑修脩訏徐痃眩殉栽宰奘唣哳痄窄钊针真畛疹拯症纸指酎疰拽酌租祖祚唑座偲彩参曹侧钗产常徜唱巢晨趻偁琤瓻匙豉舂崇紬偢处绌啜船钏玼疵瓷粗啐挫得钓钒副寂祭剪旌勘馗率捏钕珮阡钎氢圊悫雀蚺唼啥钐商捎绍奢蛇设赦绅胂售孰庶唰爽悚讼宿狻捅偷钍问悉欷觋徙细舷祥斜偰訢衅邢羞袖酗旋悦责舴扎蚱砦粘胗栀胝趾终昼珠蛀专着族组胙做钯钣钸猜裁残伧厕嗏觇孱猖惝敞怅钞超朝抻牚胵啻惆喘窗创捶词猝酢悴毳皴嵯痤矬措貂掉钭钝贰钫钙割钩辜壶戟绝钧竣剀钠甯钮掊裒钤钦禽情氰然韧绒伞散丧扫嫂痧跚善稍邵猞畲肾甥盛剩视授瘦疏舒黍述税顺舜丝斯俟竦嗖酥诉粟飧睃钛替童推惜傒晰犀粞舾舄羡象胸琇须婿絮喧绚喻钥咱凿枣迮曾喳诈掌诏挣狰帧脂殖絷轵众蛛贮兹紫诅尊阼铋钵钹铂踩粲恻插诧琛嗔脭絺饬傺愁稠酬蜍楚揣歂蠢跐琮催瘁搓脞钿堵钴钾剿捷靖钜钶铃铆钼铌刨铍钷铅钳蜣惬嗪銎饪揉塞搔裟歃煞伤艄蛸诜蜃诗狮势试轼毹暑鼠蜀睡嗍嗣肆送搜肃嗉睢岁嗦羧唢铊钽酮媳郄酰嫌蚬跣详想绡新歆惺猩貅绣嗅煦揎暄铉驯询铀铕愉揄蝓伛钰裕愈钺载贼揸闸债斟钲睁黹酯诛邾瘃庄装资揍阻铵艑綵嘈察瘥僝嫦玚綝称诚铖酲铳搊绸裯殠搐搋僢怆慈雌粹翠铞铥睹铒罚阀铬铪郝划铰精聚劂铐铑闾铭陧齐綮慊戗腔抢劁寝蜻铨逡认铷瑞睿搡瘙铯僧绱韶赊慎逝誓寿绶署说搠嗽诵嗾瞍速愫僳觫酸狲损铫铜僮骰途酴僖蜥铣屣郤禊衔线限像逍需铘铱劓铟银腴瑜窬臧造啧帻甄赈蜘摭碡帚铢综腙粽僔锕钡惭惨艖掺摻婵鋋廛谄肠厂麨瞋漦瘛冲摴厨锄諔嘬疮摐噇踳赐醋摧锉嘟锇锋敷锆刽刿铗缄剑节靓锔剧锞刳锒锂锍锊劈铺噙锓请趣髯糅锐腮毵磉傻陕殇赏审谂胜实蚀驶奭艏熟数腧摔谁咝缌嘶驷艘螋谇琐锑铤腿鋈嘻陷缐腺哓销锌腥陉锈绪儇缊糌驵噪锃稹帜陟挚皱嘱翥幢谆诼踪诹陬锛餐憯穇舱糙蹅侪幨阊氅鋹谌踸赪褫憧瘳踹遄陲锤輴錞糍璁璀撮蹉鹾错锝雕锭辐钢锢锪辑锦静锯锩锟铼钔锰穆锫凭錡钱锖嫱揿瘸蹂儒缛褥噻嬗膳鄃输蛳撕稣锬颓锡羲螅阋锨醒髹谖谒逾觎谕憎甑瘵战缜铮整绉诸麈撞锥锱郰撙锿嚓擦縩操艚螬懆馇锸禅偿韔鼌帱憷歜黜膗聪独镀锻锷锅锾徽蹇饯键骏锴链镅镁縻鍪遣跄锹锲嚅孺鄏赛糁缫擅声谥蟀瞬锶耸锼谡虽隋缩膝蟋谿戏鲜痫猃馅谢鸺逊翼舆糟罾铡斋毡锗鍼钟诌瞩总邹翱鏊镑鎞饆璨蝉繟儭艟懤雏幮储蹙窜鄜镐镉环秽劐镓铠镏镎聂啮镍拧狞阕阙镕鞣铩缮蟮觞婶双飕锁钨雟饩燹蟓擤镒遭赜缯膪镇织颛鬃鏖镚镖襜蟾铲鲳惩迟宠畴辞蹴祷镝颠牍犊镜铿鎏镂镘锚镆锘迁锵谯鲭鹊颡骚臊膻鄯绳识兽摅馊擞镗醯系暹馐选赞錾躁谮鲰镞遵镡犨触鰆镫镦镄铧锏镢鐍锎铹镣鏻聍镤镨缱镪黥謦蝾襦繻蠕鳃馓骟释孀铴璺霰馨续译谵鐘驺鐾骖鸧虿搀忏羼韂衬铛躇呲鹚骢铎镌镭镰嗫谴蛩麝随隧邃铁燨险镱儹踯属镯鄹镔镲躔冁摛蹰撺镬鉴跫慑袭隰骁癣铸镳黪髑镥颥鳝铄鸶髓鼷鱚纤鹇攒脏齇鳟镈蚕谗谶矗鑫瓒骤鑶镵鲿蹿镧蹑镶赃馋镩骥镊酾跹趱黩銮锣颞钻齼爨"
    },
    {
        "wh": "木",
        "hz": "干工弓丌及孑巾久口廿乞彡已卞丐公勾介今斤亢孔木牛亓欠犬牙元月匀本尕甘功古瓜宄卉加甲叫句巨卡可叩卯巧丘囚去外未五仡玉札朳朵尬各共乩吉伎*幵囝件交臼伉考匡夼企犰曲戎朽旭仰吁聿朱竹杓材岑杈床村杜呃伽改杆杠告更攻估谷庋呙囯旱何吼肓*忌夹见角疖劫妗究局姖君佧扛囥壳克扣困伲你杞扦羌劬却杉我吴吾扤杌匣吓杏言吟杖昂枊板杯杵东妸扼枋斧秆杲疙供咕姑孤固呱乖官果杭忽昏肌亟佶技季佳肩艽佼届卺京纠赳玖疚居咀具卷咔咖抗肯空快狂林枚杪艿呢杻杷枇其奇歧穹虬屈券枘松枉卧析呷欣芎厓兖杳宜枕枝竺杼柲柄柢芏俄枹尜肝柑竿疳肛缸纥革虼哏狗枸牯故冠咣皈轨癸柜哄訇虹芨咭级急纪既枷叚架建牮姜姣皆界疥蚧矜劲扃九韭拘狙拒军看柯科咳客哐柃柳咯芒怩昵拈柈芃枰祈芑契恰芊俏俅酋畎芍柿柁柝芄玩侠狎柙相枵彦奕弈疫羿胤柚禺竽芋栅柘枳柱斫柞桉芭笆柏栢梆苄栟柴屙婀苊芳芬粉芙酐绀羔高哥格鬲哿根耕哽肱恭蚣躬拱贡股骨罟挂倌桄鬼桂衮核桁讧笏花桓恢唧姬屐笄笈脊记珈家痂恝兼豇狡讦拮桀芥衿肼弪径柩桕疽桔俱倨娟倦桊隽拷栲珂疴恪倥恐芤哭库框括栝栳栗匿臬耙芘栖芪耆岂起气虔肷芡衾芩芹祛拳缺桑芟秫栓凇笋桃桐砼桅芴奚哮校芯栩桠芽芫唁苡倚痈邕娱圄峪原纭芸笊芝祗芷桎株桌茇苞苯笨苾梐彬梣茬趁笞茌崔笪笛兜轭梵苻桴符苷敢舸梗珙苟笱蛄梏牿胍规匦国悍捍偈寄笳袈戛蛱胛徦假坚枧趼健皎教秸婕堇近婧竟救苴趄苣捐眷桷捃胩康苛氪啃寇苦眶悝盔悃捆梱婪笠啉苓茅茆茂梅苠茉苜旎偶苤笸启弃乾悄茄卿顷筇蚯区蛆朐娶悛圈痊苒若啬苫梢苕笙倏梳术笥桫梭苔梯笤梃桶偓梧悟晤狭厢枭偕械许闫研厣眼悒挹翊茚英唷圉庾苑笮苎棁茁梓棒笔草策茶枨茺楮篅荈棰茈茨答等第棣迭栋筏棼茯尴皋胳袼给茛轱觚酤诂雇棺贯胱晷贵棍聒椁皓闳喉荒茴荟嵇极戢棘殛集几掎悸迦袷跏间犍荐绛茭椒蛟绞窖喈街杰结筋荩阱景痉窘啾厩掬椐莒讵距犋掘珺喀开凯闶钪轲棵控筐贶傀喟蛞棱荔椋络荦荬棉茗猊棚椑期欺祁棋掐掮茜嵌强羟乔琴邱球诎蛐荃筌荏茸茹阮森筛耜覃棠茼统筒椭皖稀厦筅荇悻荀雅掩雁尧傜荑椅茵硬哟驭饫寓栈棹植茱椎棕最嗄荸箅筴搽猹槎茝椿榱戥荻椴莪蛾愕枫莩该陔赅戤概感幹筻嗝塥跟绠诟彀痼诖琯诡跪嗬荷猴逅畸嫉楫麂荚嫁拣笕减楗毽酱郊跤脚敫揭诘睫解仅禁靳经茎睛胫敬迥揪舅琚雎榉绢筠揩慨楷戡莰稞窠嗑筘窟夸蒯诓揆暌琨髡廓莨楞莉莅廉楝琳莽莓楣娩募楠逆睨筢榀莆颀琦琪祺佥愆箝呛樯愀勤倾楸诠辁裙群嗓莎筲椹筮竖颂荽莛荼莞莴斡珷皙暇莶苋楔歇莘楦靴筵罨杨椰业义肄楹莜莸莠愚榆瘐预御楂桢孳罪菝榜菢菶萆菜菖苌尝篪椽菙萃萏菪凳摁菲榧菔嘎盖赶纲睾膏搞槁诰郜歌搿箇郠构菇菰箍鼓褂管逛绲帼蜾菡赫瘊槐萑夥箕暨跽嘉郏瘕笺菅搛戬僭降僬侥饺酵截竭诫骱紧廑菁腈兢僦裾菊矩皲菌郡忾犒裉箜骷酷筷魁睽匮愧莱榔菱榴杩樠萌墓幕萘箄裴菩桤萋嘁萁旗綦绮葺搴歉枪敲侨诮箧轻箐逑赇巯蜷绻榷荣榕箬瑟菽槊菘算榫榻萄萜菟菀伪萎菥箫榍榭菸厌酽疑瘗蜴萤郢萸语妪箢瑗愿菑榨寨肇榛筝菹葆萹箯标槽箣郴樗枞稻噔蒂腭樊葑橄稿葛赓巩穀广妫瑰郭掴皞荭篌糇葫槲篁蝗叽缉赍稽瘠挤稷葭价驾稼俭翦腱箭僵桨娇胶噍颉羯槿儆獍阄樛驹踞蒈慷颏瞌蝌课缂抠侉侩宽款诳葵醌阃楼面模耦葩篇葡槭葜悭椠庆穷茕萩蝤葚枢樘葶葳苇蒍妩葸瞎贤缃葙箱蝎萱样仪谊毅莹媵窳葬樟箴荮著箸醉蓓荜筚蓖篦蔀篰苍橙篘莼笃饿谔鄂阏萼遏噩蒽篚噶篙糕缟膈骼鸪毂掼龟辊过蒿嚆横黉骺鲎桦慌隍荤机畿墼蒺剂冀髻颊缣蒹谏踺彊耩犟挢徼缙噤颈憬橘举踽窭鄄橛麇瞰眍裤哙窥愦篥梦蒲朴器褰黔橇桥憔樵撬鞘亲擒檎螓檠磬遒鼽糗趋鸲磲桡蓉蓐穑树蒴蒜荪蓑蓊樨县橡筱啸谐蓄阎谚窑缢萦蓥嬴颖阈遇圜樾蓁蒸筑篆嘴樽蒡蔽檦檗蔡柽苁葱蔟簇档瞪懂蔸篼擀鸽篝购媾鸹馆簋蝈馘癀桧豁击玑激哜觊艰鞯捡检謇讲蒋鲛矫阶鲒鞠鞫据飓糠颗髁恳蔻挎狯亏栏檑莲联敛蓼檩蒌篓簏蔓懋甍蔑篾茑蓬蹊谦瞧擎罄蕖阒篸蔌簌檀蔚檄蓰辖罅芗魈蓿蔫檐荫营狱岳箦蔗栉赚桩槟簙檫蒇槌箪簦簟蕫鹅额颚蕃搁隔鲠遘觏鹄瞽归鲧簧蟥蕙获犄蕺虮鲫鲣睑裥简谫槛糨蕉谨觐旧屦瞿鹃蕨骒蒉篑聩拦瞢拟腻柠骐骑荨襁鄡荞窍翘苘躯璩觑鬈荛绕蕤蕊蔬梼檮隗魏芜黠蕈颜蝇鹆蜮簪蕞薜簸橱薋蹬椟臌关犷薅薨蕻谎讥蓟缰缴轿醮襟馑鲸鬏绔胯脍旷鲲扩蕾枥栎橹麓难鲵攀麒髂签蔷跷缲黢醛萨薯薇蕹萧肖撷薤蟹薪薛赝遗蚁薏蓣籀藊藏榇筹篡鹗鳄藁鳇攉蠖籍继舰藉警竞龃遽醵觉阚喾跨郐纩馈蓝篮栊栌檬藐篷脐蛴荠骞琼鳅劝薷薹牺献悬薰严邀议橼黦槠橥纂藨鹘顾鳏颢饥鸡歼鹣茧赆夔藜藕鞒驱饶薮藤嚣药艺龈莺樱蔼龚瓘蘅骄惧鱇邝籁苈蔺茏笼芦蘑孽苹蕲氍权苏俨瘿龉鬻蕴欑蘩蛊鳜藿鹪惊鹫蠲兰蔹椤蓦蘖蘧癯藓鼹验驿鹬霭簖赣羁搅蓠篱酿衢龋魇鹰攥观鲚髋榄萝箩蘸缵蠼躜颧谳笾戆棂"
    },
    {
        "wh": "水",
        "hz": "勹卜乜凡亡下子巴比不歹反方分夫父互户化幻毛爿匹片壬卅水文毋勿叭白半包北必弁卟布弗付夯禾弘乎矛民皿末母仫目丕皮氕平叵仨兄玄穴疋匝扒百冰并凼伐帆氾犯仿妃份缶伏亥好合冱回米糸名牟仳牝乒收汀危向刑行凶休血印汁吧夿弝伴贝伻皀佊吡*庇别兵伯孛吥步汊池汎妨彷吠吩佛否呋孚甫汞佝含罕汗亨宏囫弧汲即江戒况冷忙尨每芈妙尿妞伾屁汝汕汜忘尾污汐希孝形汛妤妘岸八把爸扳攽版扮姅孢卑沘彼畀忭汳汴表秉幷帛瓝沉沌泛房放非氛汾忿奉扶府咐阜侅冈汩卦沆呵劾和佫呼虎或泐盲牦没妹门氓孟汨宓明命殁沫侔姆沐牧忸扭狃抛咆庖呸沛佩帔朋批沏汔汽沁沙沈汰汪味汶沃武物弦冼享协忻幸汹沂雨沅咂沚状疤拔拜拌保抱背祊甭泵毖扁窆拚便昪波泊勃哺怖匆沲法畈飞沸狒玢风封凫怫拂俘氟罘拊讣负泔沽哈孩河很红泓侯后厚狐怙徊奂宦皇虺哕计沮炬姥泪泠泖昴冒玫眉美昧虻咪弭泌沔勉眇秒咩抿泯抹哞某拇泥拍哌泮叛盼狍泡疱怦抨披毗姘品屏泼匍柒泣泅泉染娆沭泗沱咸香巷泄卸泫泶妍沿泱盈泳油沾沼治注氨粑呗班般舨豹趵倍倴畚秕俾舭珌髟俵病玻砵亳庯秤臭泚洞娥洱肪纺舫肥匪肺纷峰俸服祓蚨俯釜害氦蚶邗函航耗盍狠恨哼恒洪候祜洹洄恚活洎浃津酒洌洛马邙旄们勐洣敉秘眠眄珉秣毪亩纽俳派畔袢旁配疲蚍拼娉俜洴珀圃凄讫迄洽洳洒杀纱娑洮洼洧纹蚊务洗效胁绁洩屑恤洫恂洵训衍洋洇耘拶洲洙浊捌豝胈败绊邦浜胞狈被偝偪逼毕闭狴婢庳敝贬匾徧彪邠斌浡舶捕涔唇讹返贩访啡酚唪趺麸绂绋浮匐艴妇够海酣浛毫浩盒痕珩唿唬扈瓠患凰悔彗晦婚货浸泾涓浚浪流麻麦脉曼袤浼眯觅密冕喵苗敏眸涅徘胖脬袍匏胚旆烹啤偏殍票贫婆粕浦渠涩涉涑挲涕涂晚望偎浯浠习涎消邪挟婞讻虚雪涌鱼雩浴浙浞跋阪湴绑傍棓报悲邶备贲絣琫诐邲弼皕揙猋幖邴啵博跛钚瓿淳淙淬淡发番饭邡防扉淝悱斐粪冯稃跗涪袱幅复傅富淦蛤涫胲顸邯涵寒喊琀绗淏诃喝涸訸贺惚淮唤徨蛔惠混耠惑渐荆涞涼淋淩渌沦傌买茫蛑贸帽媒媚寐扪闷猛脒幂黾描淼闵淖排牌跑彭捧邳痞胼评迫普淇浅清脎深淑涮淞淌淘添淟涴雯涡无淅喜闲现项淆雄徇涯淹液淫淤淯渊云粥涿淄靶颁斑斒稖雹陂琲迸哔愊愎痹辟閟惼飑禀摒脖渤补测滁渡沨蜂脯溉港傼颃嗥号郃貉郈轷湖猢琥郇换涣豢惶湟挥晖汇会贿喙毁浑贾湔茳湫较粳鸠渴雷粱妈吗湄猸渼盟迷渺湣愍酩莫貊脲琶湃湓琵媲睥犏剽聘瓶裘惹绥汤湍微湋渭渥熙湘渫溆渲湮游渝郁渣湛浈滞渚煮搬蝂饱悖绷嘣鼻币滗裨弊碧馝稨滮裱宾菠驳搏僰箔逋沧滀呆涤滇绯蜚腓翡偾疯逢凤孵郛福辅腑滏腐阁沟嘏寡滚嗨豪滈阂菏瑚华滑猾痪滉珲诲魂溷祸溘滥溧溜犸唛嘛幔髦瑁瞀么酶艋蜢嘧蜜绵瞄灭闽鸣冥溟暝嫫麽陌寞溺滂搒脾罴蜱嘌嫖萍颇仆溥蜞溱溶溽飒饲溲溯溻溏滔网瘟闻郚舞郗溪携熊溴踅熏窨溢荥源滋滓鲃魃罢瘢魬褒鸨褓暴辈褙骳奔陛腷駜髲编蝙褊缏麃摽憋饼葧踣餔部漕浐蝽漘醇滴幡范鲂诽肤幞蝠驸赋腹蝜蝮澉缑盥虢憨汉撖颌褐滹浒沪哗踝逭漶辉麾慧浆漤涟凛漏漉履落玛码祃劢卖鞔满慢漫漭猫蝥貌霉魅缅缈庙缗瞑摸摩漠墨慕暮沤蒎盘醅赔喷嘭郫陴翩漂魄噗漆憩渗漱霆万逶嬉虾饷霄勰写漩演漾漪颍渔漳涨震渍澳鲅办鲍虣惫糒甏嬖觱鮅鞞遍辨瘭傧拨饽播鲌膊馞潺潮澈澄霏奋愤讽抚鲋骸骇颔翰翮醐寰遑潢讳阍馄涧浇洁噱溃潦涝霖蚂骂瞒螨蒙醚悯螟瘼默谋霓凝潘螃耪陪霈澎膨骈蹁谝瓢瞟撇瞥频鲆扑氆潜润撒霎潸潲渑澍澌潭烫潼隈沩涠阌宪廨兴学浔鄅沄癍帮谤跸臂褾豳擘澹点淀璠繁鼢缝缚醢鼾韩憾撼嚎鸿觳浣擐璜隳浍诨阔蒗澧濂潞嬷缦蟒蟊弥谜糜谧摹膜浓蟠貔缥螵嫔皤璞霜濉禧霞乡鲞亵懈獬鲟澡泽澶鼥鞴鄙毙濞髀奰鞭飚蹩滨摈殡袯鹁馎鵏闯荡翻黻赙覆馥濠阖鄠鲩缋蟪济谩鄚朦鄍谟馍貘泞蹒蟛癖濮濡鲨湿穗涛潍隙獯杂濯瓣鹎襞瀌瘪薄醭簿瀍鹑渎蹯鲱羹鞲鲴缳绘嚯溅猎浏泺懑懵蠓祢靡湎鹋鹏骗鄱谱蹼瀑扰雾泻霪滢膀龅鲾避襣躄鳊辫穮缤濒蠙膑黼鳆瀚蚝鹕怀还濑沥泷露泸迈颟馒鹛蠛魔譬嚷潇邂瀣潆瀛潴黯霸辩骠膘飙襮藩瀵鹤轰护澜潋猕腼邈霹鼙鳍瀼攘醺瀹边鳔鳖沣灌骅欢獾霁漓霾鳗艨鳘耱瓤穰滠响飨鳕藻鷩变鲼鬟禳滩蚌髌鬓霍辔颦躞灞酆灏鹱漯蛮蘼襻湾滦缬滟戅骉"
    },
    {
        "wh": "火",
        "hz": "刁丁二力了彳大孓女勺巳乇幺弋丈尺丹吊仃斗火井仂内日太天屯午爻仉之支止中丙代旦叨氐叮冬叻立尥令另奶尼奴冉他它田仝仗召只左吃弛打忉氘多耳旮亘光尖匠她决旯老耒劣六甪氖囡年乓全肉同氽佤妄吆宅兆旨至仲自犴呈辵呔甙但低弟佃甸玎疔盯豆囤旰灸牢李利良吝伶吕卵免男呐佞弄努求忐忑町廷佟彤吞托佗妥巫妖佁佔志豸住灼姊足哎佰长炒坼侈炊佽徂耷妲沓岱宕到的狄底玓典店耵定咚侗抖妒咄剁佴昉炅昊戽姐咎抉炕昆剌来佬肋例戾两冽囹呤侣仑旻奈呶妮念弩疟妾炔乳侍帑弢忝佻帖投罔昕炎佯易找争知直制帙炙忠隹卓炳抶抽怛待怠殆眈抵帝酊订段祋盹盾哆哚赴拐曷烀咴姞柬炯玦俊拉厘俚俐怜亮咧拎律哪娜柰耐南怒虐炮炱炭畋殄亭突凃拖拓歪纨肟炫紃殃徉咬映昱怨灾炸招昭者贞政祉致盅重纣胄炷籽秭耔奏哧耻翀娖玳耽疸紞岛倒娣玷爹瓞冻恫蚪趸耿烘恍疾晋珏倔烤朗烙哩娌俩凉料烈玲瓴凌留旅伦倮耄拿纳肭衲孬能娘恧衄哦秦恁朊芮蚋偌晒晌恕朔趿肽泰唐倘讨套特疼屉倜恬甜挑条庭挺徒彖庹挖挝倭乌娭夏畜烜讯迅秧烊窈舀旃展站珍朕肢值秩舯衷冢祝倬笫恣欸捭蛃晡眵敕从凑绐带袋聃胆啖蛋盗羝顶啶动敚舵阨珥烽晗焓焊斛将狷诀觖徕狼勒梨狸猁唳粒梁聊羚翎聆蛉娄卤鹿略囵捋珞那婥讷您胬戚软晟胎酞贪袒啕剔悌粜烃停珽屠豚唾娲袜烷挽焐晞烯珣珧斩张章帐啁侦振执痔窒舳捉啄眦偬掰焙采场焯掣程塍嗒傣贷单氮悼登迪觌诋邸睇掂阽惦跌喋耋痘短惇敦掇焚钬焦接嗟晶就厥吭焜啦喇琅稂劳犁喱理傈痢詈晾量捩裂趔琉硫虏掠抡捺喃赧捻傩晴闰婼邰毯探掏啼腆掭祧迢贴婷痛饨跎酡惋惘喔窝幄欻寻循巽焱蛘轺轶媛哲蛰诊轸证彘智痣轴粢稗煲煏煸裎嗤媸驰传搭靼迨亶当砀嗲电殿揲牒鼎督煅顿躲惰跺烦觥煳焕煌晃幌诙迹煎睐啷廊酪诔傫愣蜊里炼赁零旒偻赂辂琭禄路乱煤睦乃恼农暖逄稔塔痰逃绨提跳蜓艇退煺蜕脱驮陀顽脘畹煨炜蜗熄煊烟琰扬旸炀徭虞煜詹盏照罩蜇郅置雉追惴琢赀觜趑訾熬畅尘逞瞅绰瘩捣嘀嫡递胨郖逗端对裰夺尔裹伙奖尽恺瘌辣罱郎嫪嫘酹嘞嫠奁连踉僚寥廖粼绫领熘绺喽陋绿纶裸雒瑙嫩宁喏搦炝熔煽裳台态叹搪耥趟慆慝滕逖惕裼舔蜩通透图团箨蜿绾腕诶鞅疡摇荧毓搌绽嫜彰胀幛赵这祯种逐缀缁皑僾熛噌层彻踟齿憏憃除褚踔逴辍腠褡逮儋弹德敌骶缔踮调蝶董陡缎饵缓践进噘赉阆唠乐黎厉练谅辆嘹寮撂刘瘤搂鲁逯戮虑轮论脶骆熳鼐腩蝻脑闹馁辇侬驽挪噢僻热熵踏骀谈郯赕羰瑭躺铽踢缇髫抟褪驼腽辋腰瑶熠熨暂摘獐账折辄赭阵鸩征诤质觯肿驻缒禚辎撤陈撑鸱炽俦辏达殚掸惮导道灯谛谍蹀都赌憝吨炖遁踱燔积瑾撅獗赖褴螂捞擂缡璃罹历琏撩獠燎廪陵遛龙瘘卢陆录焖挠鲇哝诺逎燃烧燊遂鲐昙糖螗绦陶蹄醍头暾鸵橐熹晓璇谑焰鸯晔烨燚燠璋瘴臻踵猪撰赘谘髭暧餲灿龀瞠骋丑戴黛担瘅挡蹈队鸸鲕烩绩琎爵阑痨缧儡励隶裢殓魉疗临瞵磷懔隆耧蝼缕螺麋缪黏咛騃燧遢蹋饧膛螳醣誊嚏瞳疃臀襄燮谣遥繇燥择辗蟑褶鸷膣螽烛纵痴虫戳丛焘鞮癜断怼迩丰烬醪耢釐礼鲤粮缭膦噜辘璐谬蛲耨懦适曙抬鹈题阗餮魍曛曜瞻障遮谪职贽掷踬转骓擢薆摆爆蹭嘲蛏歠骴哒裆邓鲷鸫胴蹲齑际谲蹶羸类离丽呖帘臁蠊脸裣辽邻遴辚鲮馏咙撸庐氇蠃蟆撵脓庞曝蹻烁谭韬鼗玺鄩绎赠鄣辙郑骘鲻\r宝阐郸党鲽窦嚼矍懒黧醴疠龄骝胧拢炉掳罗糯飘赡獭挞腾龆鼍曦耀赢躅缠踌跻爝腊蜡癞斓览烂累俪疬珑髅骡曩鳎鲦鳐鹞灶啭馔龇\r颤龊籴叠读龛邋粝鲢躐鹨聋癃窿胪舻孪囊摄赎傥饕听弯鹧雠蛎恋鹩鳞麟轳挛栾猡猱摊体显螭鞑癫蠹攫谰鳢雳灵陇鹭让闼瘫龌鳣叆纛揽鬣酃颅脔摞囔厅逦郦驴逻瘰攮谠缆鸬鲈骧魑轹跞骊躏鹂鲡鸾馕"
    },
    {
        "wh": "土",
        "hz": "又\r一乙己山土丸兀丫也尢于厄切王卬夭尹引尤友予曰允凹瓦戊矽央以永用由右幼孕仔吖安充地圪艮圭灰圾岌圮屺戍似吐圩仵伍戌伢羊伊衣圯夷亦屹因有宇羽圳岙岜坂坌辰坊坩均坎坑牡圻岐岍坍秃完位圬氙岘呀岈延冶矣佚役邑吲甬攸卣佑余欤玙址艾坳垇坻坫矾附矸岣岵岬坷岢坤垃峁岷坭爬帕坢坯坪坡坦坨宛往旺委忤岫盱亚奄肴夜依抑佾咏呦侑於盂臾昀狁\r文章引用自：\r哀垵拗砭垞衩昶垤垌峒肚砘垛垩垡垓垢砍奎趴怕盆砒垧哇娃威韦畏胃瓮屋侮型砉峋押垭娅砑咽匽怏垚姚要咿怡咦姨舣姻音垠俑勇幽疣羑囿宥纡舁禹垣爰约玥窀\r啊唉埃砹鹌俺按案盎敖芺峬城埕砥峨恩砝砩个埂埚砬埒埋砰破埔砌峭窃容埏砷堍砣娓翁唔阢峡轩蚜氩恹胭宴晏氧恙眙酏益殷氤蚓祐迂邘育彧眢员袁砸砟砧肫\r挨庵唵埯崩埠堾埭岽硐堆岗硌崮硅崞胡基崛崆堀崃硭埝鸟啪培堋埤崎畦牵眭堂窕眺婉唯帷伟尉迕捂牾硒崤硎勖琊崖哑讶迓崦焉偃痒野痍移异埸翌狺寅迎茔庸恿悠蚰蚴狳域欲峥埴蛭\r捱媕啽晻胺媪傲奡堡堛嵖砗堤奠堞恶费黑堠画黄堪喹岚塄嵋垴蛙崴为围帏惟喂硪婺痦翕硖翔硝砚堰揶掖猗壹诒迤贻胰喑堙喁釉嵛鼋粤越崽跖\r阿矮爱嗌揞暗嗷嶅廒奥碑碚碘碉碇碓痱话觟嵴碱垲块跬袅硼圣嵊嵩塑碎塌塘填琬碗嵬猥痿艉猬温嗡握呜蜈坞诩勋埙睚衙揠蜒爷揖饴诣意裔饮佣雍蛹犹猷瘀园圆援塬氲恽晕愠轾稚嵫\r肮獒塝碥碴墋诞碲垫碟砜闺监碣境逵壸墚嵝墁呕碰堑岖墒塾墅硕碳维玮诬误寤瑕鞋顼嘘墟碹腌嫣耶腋祎旖夤瑛墉踊诱与鸢冤猿殒翟崭嶂坠准\r腤鞍璈墺嶓嶒墀磁磋嶝墩堕废坟磙嘿糊蝴峤磕蝰崂磊嶙碾嬲欧殴怄磐嵚确豌纬诿卫慰庑娴糈鸦养噎叶靥亿逸影慵忧邮鱿蝣牖谀缘院阅增磔嗳嫒谙聱螯懊磅壁碜惯衡垦垮磨瓯碛墙融坛违谓怃歙遐鸭阉燕噫颐峄殪阴壅馀豫鸳螈运郓酝砖癌隘闇鮟醠遨謷磴礅鲑壕壑磺矶礁圹岭硗嵘闱鲔邬压阳嶷忆怿翳应婴膺拥优黝隅屿辕远龠郧\r碍瑷盫袄蹦璧础礓垒讴韪鄢医黟彝癔鄞鄘鼬陨韫爊礤坏疆坜垄垆稳鹉骛臆臃韵骜巉矿岿砾壤鼯鹜邺瘾嘤罂鳌礴蠡砺砻碌礞巍撄誉跃巅峦鸥懿隐璎鳙饔娈岩缨坝罐盐艳呓鹦鹳"
    }
]