[
    {
        "id": "1",
        "jiazi": "甲子",
        "layin": "海中金"
    },
    {
        "id": "2",
        "jiazi": "乙丑",
        "layin": "海中金"
    },
    {
        "id": "3",
        "jiazi": "丙寅",
        "layin": "炉中火"
    },
    {
        "id": "4",
        "jiazi": "丁卯",
        "layin": "炉中火"
    },
    {
        "id": "5",
        "jiazi": "戊辰",
        "layin": "大林木"
    },
    {
        "id": "6",
        "jiazi": "己巳",
        "layin": "大林木"
    },
    {
        "id": "7",
        "jiazi": "庚午",
        "layin": "路旁土"
    },
    {
        "id": "8",
        "jiazi": "辛未",
        "layin": "路旁土"
    },
    {
        "id": "9",
        "jiazi": "壬申",
        "layin": "剑锋金"
    },
    {
        "id": "10",
        "jiazi": "癸酉",
        "layin": "剑锋金"
    },
    {
        "id": "11",
        "jiazi": "甲戌",
        "layin": "山头火"
    },
    {
        "id": "12",
        "jiazi": "乙亥",
        "layin": "山头火"
    },
    {
        "id": "13",
        "jiazi": "丙子",
        "layin": "洞下水"
    },
    {
        "id": "14",
        "jiazi": "丁丑",
        "layin": "洞下水"
    },
    {
        "id": "15",
        "jiazi": "戊寅",
        "layin": "城墙土"
    },
    {
        "id": "16",
        "jiazi": "己卯",
        "layin": "城墙土"
    },
    {
        "id": "17",
        "jiazi": "庚辰",
        "layin": "白腊金"
    },
    {
        "id": "18",
        "jiazi": "辛巳",
        "layin": "白腊金"
    },
    {
        "id": "19",
        "jiazi": "壬午",
        "layin": "杨柳木"
    },
    {
        "id": "20",
        "jiazi": "癸未",
        "layin": "杨柳木"
    },
    {
        "id": "21",
        "jiazi": "甲申",
        "layin": "泉中水"
    },
    {
        "id": "22",
        "jiazi": "乙酉",
        "layin": "泉中水"
    },
    {
        "id": "23",
        "jiazi": "丙戌",
        "layin": "屋上土"
    },
    {
        "id": "24",
        "jiazi": "丁亥",
        "layin": "屋上土"
    },
    {
        "id": "25",
        "jiazi": "戊子",
        "layin": "霹雷火"
    },
    {
        "id": "26",
        "jiazi": "己丑",
        "layin": "霹雷火"
    },
    {
        "id": "27",
        "jiazi": "庚寅",
        "layin": "松柏木"
    },
    {
        "id": "28",
        "jiazi": "辛卯",
        "layin": "松柏木"
    },
    {
        "id": "29",
        "jiazi": "壬辰",
        "layin": "常流水"
    },
    {
        "id": "30",
        "jiazi": "癸巳",
        "layin": "常流水"
    },
    {
        "id": "31",
        "jiazi": "甲午",
        "layin": "沙中金"
    },
    {
        "id": "32",
        "jiazi": "乙未",
        "layin": "沙中金"
    },
    {
        "id": "33",
        "jiazi": "丙申",
        "layin": "山下火"
    },
    {
        "id": "34",
        "jiazi": "丁酉",
        "layin": "山下火"
    },
    {
        "id": "35",
        "jiazi": "戊戌",
        "layin": "平地木"
    },
    {
        "id": "36",
        "jiazi": "己亥",
        "layin": "平地木"
    },
    {
        "id": "37",
        "jiazi": "庚子",
        "layin": "壁上土"
    },
    {
        "id": "38",
        "jiazi": "辛丑",
        "layin": "壁上土"
    },
    {
        "id": "39",
        "jiazi": "壬寅",
        "layin": "金箔金"
    },
    {
        "id": "40",
        "jiazi": "癸卯",
        "layin": "金箔金"
    },
    {
        "id": "41",
        "jiazi": "甲辰",
        "layin": "佛灯火"
    },
    {
        "id": "42",
        "jiazi": "乙巳",
        "layin": "佛灯火"
    },
    {
        "id": "43",
        "jiazi": "丙午",
        "layin": "天河水"
    },
    {
        "id": "44",
        "jiazi": "丁未",
        "layin": "天河水"
    },
    {
        "id": "45",
        "jiazi": "戊申",
        "layin": "大驿土"
    },
    {
        "id": "46",
        "jiazi": "己酉",
        "layin": "大驿土"
    },
    {
        "id": "47",
        "jiazi": "庚戌",
        "layin": "钗钏金"
    },
    {
        "id": "48",
        "jiazi": "辛亥",
        "layin": "钗钏金"
    },
    {
        "id": "49",
        "jiazi": "壬子",
        "layin": "桑松木"
    },
    {
        "id": "50",
        "jiazi": "癸丑",
        "layin": "桑松木"
    },
    {
        "id": "51",
        "jiazi": "甲寅",
        "layin": "大溪水"
    },
    {
        "id": "52",
        "jiazi": "乙卯",
        "layin": "大溪水"
    },
    {
        "id": "53",
        "jiazi": "丙辰",
        "layin": "沙中土"
    },
    {
        "id": "54",
        "jiazi": "丁巳",
        "layin": "沙中土"
    },
    {
        "id": "55",
        "jiazi": "戊午",
        "layin": "天上火"
    },
    {
        "id": "56",
        "jiazi": "己未",
        "layin": "天上火"
    },
    {
        "id": "57",
        "jiazi": "庚申",
        "layin": "石榴木"
    },
    {
        "id": "58",
        "jiazi": "辛酉",
        "layin": "石榴木"
    },
    {
        "id": "59",
        "jiazi": "壬戌",
        "layin": "大海水"
    },
    {
        "id": "60",
        "jiazi": "癸亥",
        "layin": "大海水"
    }
]