[
    {
        "id": "1",
        "jmlb": "人 物"
    },
    {
        "id": "2",
        "jmlb": "情 爱"
    },
    {
        "id": "3",
        "jmlb": "生 活"
    },
    {
        "id": "4",
        "jmlb": "物 品"
    },
    {
        "id": "5",
        "jmlb": "身 体"
    },
    {
        "id": "6",
        "jmlb": "动植物"
    },
    {
        "id": "7",
        "jmlb": "鬼 神"
    },
    {
        "id": "8",
        "jmlb": "建 筑"
    },
    {
        "id": "9",
        "jmlb": "自 然"
    }
]