[
    {
        "id": "1",
        "lb": "耳鸣",
        "stime": "1",
        "fx": "左",
        "content": "左耳鸣是有异性惦记你哦，发个祝福的短消息给她。 "
    },
    {
        "id": "2",
        "lb": "耳鸣",
        "stime": "2",
        "fx": "左",
        "content": "左耳鸣会破财，古人言：失之东隅，收之桑榆。 "
    },
    {
        "id": "3",
        "lb": "耳鸣",
        "stime": "3",
        "fx": "左",
        "content": "左耳鸣会有饮食之意，少吃一点，别暴殄天物。"
    },
    {
        "id": "4",
        "lb": "耳鸣",
        "stime": "4",
        "fx": "左",
        "content": "左耳鸣会远行，长途跋涉，多准备点物品。"
    },
    {
        "id": "5",
        "lb": "耳鸣",
        "stime": "5",
        "fx": "左",
        "content": "左耳鸣今日凶多吉少，去危就安。 "
    },
    {
        "id": "6",
        "lb": "耳鸣",
        "stime": "6",
        "fx": "左",
        "content": "左耳鸣是有异性惦记你哦，发个祝福的短消息给她。 "
    },
    {
        "id": "7",
        "lb": "耳鸣",
        "stime": "7",
        "fx": "左",
        "content": "左耳鸣有口舌之争，能忍则忍，宰相肚里能撑船嘛。 "
    },
    {
        "id": "8",
        "lb": "耳鸣",
        "stime": "8",
        "fx": "左",
        "content": "左耳鸣有人会请你饮食，尽管吃，过了这村没那店。"
    },
    {
        "id": "9",
        "lb": "耳鸣",
        "stime": "9",
        "fx": "左",
        "content": "左耳鸣你所关心之人会远行归回。 "
    },
    {
        "id": "10",
        "lb": "耳鸣",
        "stime": "10",
        "fx": "左",
        "content": "左耳鸣会失财，就算救困扶危吧。 "
    },
    {
        "id": "11",
        "lb": "耳鸣",
        "stime": "11",
        "fx": "左",
        "content": "左耳鸣会有饮食，少吃一点，身材要紧。 "
    },
    {
        "id": "12",
        "lb": "耳鸣",
        "stime": "12",
        "fx": "左",
        "content": "左耳鸣大吉大利，万事亨通。 "
    },
    {
        "id": "13",
        "lb": "耳鸣",
        "stime": "1",
        "fx": "右",
        "content": "右耳鸣会失财，常言道破财消灾。"
    },
    {
        "id": "14",
        "lb": "耳鸣",
        "stime": "2",
        "fx": "右",
        "content": "右耳鸣定有心急之事，明天在定夺也不迟，此时该休息了。 "
    },
    {
        "id": "15",
        "lb": "耳鸣",
        "stime": "3",
        "fx": "右",
        "content": "右耳鸣会有贵宾光临。 "
    },
    {
        "id": "16",
        "lb": "耳鸣",
        "stime": "4",
        "fx": "右",
        "content": "右耳鸣会有贵宾光临。 "
    },
    {
        "id": "17",
        "lb": "耳鸣",
        "stime": "5",
        "fx": "右",
        "content": "左耳鸣今日凶多吉少，去危就安。 "
    },
    {
        "id": "18",
        "lb": "耳鸣",
        "stime": "6",
        "fx": "右",
        "content": "右耳鸣有亲人来访，要盛情款待。 "
    },
    {
        "id": "19",
        "lb": "耳鸣",
        "stime": "7",
        "fx": "右",
        "content": "右耳鸣有争辩诉讼，万事以和为贵。"
    },
    {
        "id": "20",
        "lb": "耳鸣",
        "stime": "8",
        "fx": "右",
        "content": "右耳鸣有客会来，叙叙旧吧。 "
    },
    {
        "id": "21",
        "lb": "耳鸣",
        "stime": "9",
        "fx": "右",
        "content": "右耳鸣有喜事，喜从天降，别乐坏了！"
    },
    {
        "id": "22",
        "lb": "耳鸣",
        "stime": "10",
        "fx": "右",
        "content": "右耳鸣大吉大利，万事亨通。 "
    },
    {
        "id": "23",
        "lb": "耳鸣",
        "stime": "11",
        "fx": "右",
        "content": "右耳鸣有贵宾光临。 "
    },
    {
        "id": "24",
        "lb": "耳鸣",
        "stime": "12",
        "fx": "右",
        "content": "右耳鸣会有任请你吃夜宵，吃完了别忘记打包。"
    },
    {
        "id": "25",
        "lb": "面热",
        "stime": "1",
        "fx": "",
        "content": "有喜财天降，别乐坏了。 "
    },
    {
        "id": "26",
        "lb": "面热",
        "stime": "2",
        "fx": "",
        "content": "有烦恼忧虑之事，找人倾诉倾诉吧！ "
    },
    {
        "id": "27",
        "lb": "面热",
        "stime": "3",
        "fx": "",
        "content": "有远客来相聚，诸事顺利大吉。"
    },
    {
        "id": "28",
        "lb": "面热",
        "stime": "4",
        "fx": "",
        "content": "有友人来邀请饮食。"
    },
    {
        "id": "29",
        "lb": "面热",
        "stime": "5",
        "fx": "",
        "content": "远客、喜事会相临。"
    },
    {
        "id": "30",
        "lb": "面热",
        "stime": "6",
        "fx": "",
        "content": "大吉大利，万事亨通。 "
    },
    {
        "id": "31",
        "lb": "面热",
        "stime": "7",
        "fx": "",
        "content": "有亲人相见，诸事大吉。 "
    },
    {
        "id": "32",
        "lb": "面热",
        "stime": "8",
        "fx": "",
        "content": "有口舌与诉讼之争，万事谦让一点。 "
    },
    {
        "id": "33",
        "lb": "面热",
        "stime": "9",
        "fx": "",
        "content": "有贵人会见，千万别冷落了他/她！ "
    },
    {
        "id": "34",
        "lb": "面热",
        "stime": "10",
        "fx": "",
        "content": "有远客光临，相会大吉。 "
    },
    {
        "id": "35",
        "lb": "面热",
        "stime": "11",
        "fx": "",
        "content": "有情人相约请客，别吃撑了，身体要紧。"
    },
    {
        "id": "36",
        "lb": "面热",
        "stime": "12",
        "fx": "",
        "content": "会有官司与讼事之事，谨慎为妙。 "
    },
    {
        "id": "37",
        "lb": "眼跳",
        "stime": "1",
        "fx": "左",
        "content": "左眼跳是有贵人相助，何乐而不为。 "
    },
    {
        "id": "38",
        "lb": "眼跳",
        "stime": "2",
        "fx": "左",
        "content": "左眼跳有烦恼之事，不妨找朋友倾诉一下。 "
    },
    {
        "id": "39",
        "lb": "眼跳",
        "stime": "3",
        "fx": "左",
        "content": "左眼跳是有朋至远方来，好好款待他吧！ "
    },
    {
        "id": "40",
        "lb": "眼跳",
        "stime": "4",
        "fx": "左",
        "content": "左眼跳有贵人来访，勿要怠慢了他，切记切记。 "
    },
    {
        "id": "41",
        "lb": "眼跳",
        "stime": "5",
        "fx": "左",
        "content": "左眼跳会有远方的客人来拜访你，礼尚往来吗。 "
    },
    {
        "id": "42",
        "lb": "眼跳",
        "stime": "6",
        "fx": "左",
        "content": "左眼跳有人请你吃饭，试试看。 "
    },
    {
        "id": "43",
        "lb": "眼跳",
        "stime": "7",
        "fx": "左",
        "content": "左眼跳是有饮食之喜，你等着吧！ "
    },
    {
        "id": "44",
        "lb": "眼跳",
        "stime": "8",
        "fx": "左",
        "content": "左眼跳诸事吉利、生意昌盛。 "
    },
    {
        "id": "45",
        "lb": "眼跳",
        "stime": "9",
        "fx": "左",
        "content": "左眼跳今日会破财，看住你的钱包，如是囊中羞涩者也就不必太担忧了。 "
    },
    {
        "id": "46",
        "lb": "眼跳",
        "stime": "10",
        "fx": "左",
        "content": "左眼跳有客来访，免不了要买点菜招待招待。 "
    },
    {
        "id": "47",
        "lb": "眼跳",
        "stime": "11",
        "fx": "左",
        "content": "左眼跳有客大驾光临，喜事喜事！ "
    },
    {
        "id": "48",
        "lb": "眼跳",
        "stime": "12",
        "fx": "左",
        "content": "左眼跳有贵客会来看望你，礼物是少不了的。 "
    },
    {
        "id": "49",
        "lb": "眼跳",
        "stime": "1",
        "fx": "右",
        "content": "右眼跳是有人会邀请你吃饭，到时鲍鱼、鱼翅尽管点。千万别心软。 "
    },
    {
        "id": "50",
        "lb": "眼跳",
        "stime": "2",
        "fx": "右",
        "content": "右眼跳有人在思念你，会不会是你的梦中情人？"
    },
    {
        "id": "51",
        "lb": "眼跳",
        "stime": "3",
        "fx": "右",
        "content": "右眼跳是吉人天下，万事顺畅。 "
    },
    {
        "id": "52",
        "lb": "眼跳",
        "stime": "4",
        "fx": "右",
        "content": "右眼跳万事平安，不必担忧。 "
    },
    {
        "id": "53",
        "lb": "眼跳",
        "stime": "5",
        "fx": "右",
        "content": "右眼跳会有损害，小心身边的事物。 "
    },
    {
        "id": "54",
        "lb": "眼跳",
        "stime": "6",
        "fx": "右",
        "content": "右眼跳有凶恶，去拜拜菩萨求个平安。 "
    },
    {
        "id": "55",
        "lb": "眼跳",
        "stime": "7",
        "fx": "右",
        "content": "右眼跳是有险恶，喧嚣和吵架之处避免去，明哲保身吗？ "
    },
    {
        "id": "56",
        "lb": "眼跳",
        "stime": "8",
        "fx": "右",
        "content": "右眼跳有小损，就算救困扶危。"
    },
    {
        "id": "57",
        "lb": "眼跳",
        "stime": "9",
        "fx": "右",
        "content": "右眼跳有喜事，不妨试着买张福利彩票，百万大奖在等着你。 "
    },
    {
        "id": "58",
        "lb": "眼跳",
        "stime": "10",
        "fx": "右",
        "content": "右眼跳有亲朋好友来光临，不亦乐乎吗。 "
    },
    {
        "id": "59",
        "lb": "眼跳",
        "stime": "11",
        "fx": "右",
        "content": "右眼跳会有佳人邀你参加聚会，快点打扮整齐等着。 "
    },
    {
        "id": "60",
        "lb": "眼跳",
        "stime": "12",
        "fx": "右",
        "content": "右眼跳有是非，能忍则忍，退一步海阔天空吗。 "
    },
    {
        "id": "61",
        "lb": "喷嚏",
        "stime": "1",
        "fx": "",
        "content": "朋友邀请聚会会餐，相会便大吉。 "
    },
    {
        "id": "62",
        "lb": "喷嚏",
        "stime": "2",
        "fx": "",
        "content": "有人在牵挂，让好事伴梦睡吧！ "
    },
    {
        "id": "63",
        "lb": "喷嚏",
        "stime": "3",
        "fx": "",
        "content": "会有异性邀你共欢共饮，美事来了躲也躲不掉。 "
    },
    {
        "id": "64",
        "lb": "喷嚏",
        "stime": "4",
        "fx": "",
        "content": "会得财得物，万事大吉。 "
    },
    {
        "id": "65",
        "lb": "喷嚏",
        "stime": "5",
        "fx": "",
        "content": "今日万事平安快乐，饮食大吉。 "
    },
    {
        "id": "66",
        "lb": "喷嚏",
        "stime": "6",
        "fx": "",
        "content": "有贵人相助，万事大吉。 "
    },
    {
        "id": "67",
        "lb": "喷嚏",
        "stime": "7",
        "fx": "",
        "content": "有远客会光临，有喜事告知。 "
    },
    {
        "id": "68",
        "lb": "喷嚏",
        "stime": "8",
        "fx": "",
        "content": "有饮食大吉之相，今日山珍海味是免不了了。哈哈！ "
    },
    {
        "id": "69",
        "lb": "喷嚏",
        "stime": "9",
        "fx": "",
        "content": "可能工作太忙了，让你睡觉时恶梦惊恐，使得平时酒食不安，该休假出游玩玩了。 "
    },
    {
        "id": "70",
        "lb": "喷嚏",
        "stime": "10",
        "fx": "",
        "content": "会有质疑问难之人来相求，别置之不理，共同发展求利吗！ "
    },
    {
        "id": "71",
        "lb": "喷嚏",
        "stime": "11",
        "fx": "",
        "content": "有异性在思慕你，让我好得羡慕啊！ "
    },
    {
        "id": "72",
        "lb": "喷嚏",
        "stime": "12",
        "fx": "",
        "content": "会有虚惊之事，如有朋相助便大吉顺畅。 "
    },
    {
        "id": "73",
        "lb": "心惊",
        "stime": "1",
        "fx": "",
        "content": "有异性在思慕，您的艳福不浅呀！ "
    },
    {
        "id": "74",
        "lb": "心惊",
        "stime": "2",
        "fx": "",
        "content": "会恶事面临，如能化险为夷必定会大吉大利。 "
    },
    {
        "id": "75",
        "lb": "心惊",
        "stime": "3",
        "fx": "",
        "content": "有远客来访，并会邀集会餐，大吉大利。 "
    },
    {
        "id": "76",
        "lb": "心惊",
        "stime": "4",
        "fx": "",
        "content": "有友人来邀请，饮食不愁。 "
    },
    {
        "id": "77",
        "lb": "心惊",
        "stime": "5",
        "fx": "",
        "content": "有人邀请你去光临盛会，打扮打扮，让人赏心悦目一番。 "
    },
    {
        "id": "78",
        "lb": "心惊",
        "stime": "6",
        "fx": "",
        "content": "有贵人相助，万事大吉。 "
    },
    {
        "id": "79",
        "lb": "心惊",
        "stime": "7",
        "fx": "",
        "content": "有远客会光临，有喜事告知。 "
    },
    {
        "id": "80",
        "lb": "心惊",
        "stime": "8",
        "fx": "",
        "content": "有异性在思念，会有喜事告知。 "
    },
    {
        "id": "81",
        "lb": "心惊",
        "stime": "9",
        "fx": "",
        "content": "会有人邀请会餐，买单定不会是你，放心去吧！ "
    },
    {
        "id": "82",
        "lb": "心惊",
        "stime": "10",
        "fx": "",
        "content": "有异性在惦记你哟，快致电于他/她，会有意想不到的喜事哦。 "
    },
    {
        "id": "83",
        "lb": "心惊",
        "stime": "11",
        "fx": "",
        "content": "大喜降临，信者必会福星高招。 "
    },
    {
        "id": "84",
        "lb": "心惊",
        "stime": "12",
        "fx": "",
        "content": "有奇恶要事发生，万事不要出门，能躲则躲。 "
    }
]