[
    {
        "title": "水瓶座",
        "content": "<p>水瓶座与高EQ型命运曲线</p>\r\n<p> 高EQ：水瓶座具有的情绪优点是理性和群肯助人心胸开阔自信友爱宽容活泼爽朗。 \r\n<p>命运曲线：受到上天赐福的水瓶座，表现的很聪明，结交很多朋友，资讯性很强，数理和语言能力不会太差，对于整个社会上流传的资讯有很好的判断力。所以一个好命的水瓶座是公平、公正的，而且有环保的观念，有理想，对世界充满了信心好命的水瓶所表现的是一种和这个社会的和谐及良好互动，口口声声都是唱高调，为这个社会规划未来的远景，或为这个社会寻找新资源，所以能获得同时代的人的敬佩和掌声。这个星座非常容易出名，而且对政治和社会的规划展望具有高度理想，这种理想透过书籍音乐电视广播科技传布开来，被视为天才而获得众人的肯定。 \r\n\r\n<p>水瓶座与低EQ型命运曲线 \r\n<p>低EQ：水瓶座具有的负面情绪特征是偏激、叛逆、顽固、标新立异倔强、不圆滑无情无聊拒绝沟通缺乏信心愤慨乖张反抗。 \r\n\r\n<p>命运曲线：但如果是个运气较差的的水瓶座，就会常常努力没有收获，虽然吃苦耐劳，但没有获得一点代价，为什么呢？因为他统治星是土星，会产生一种压力，且这种压力是土星加上代表变态行为的天王星，使得很多水瓶座的人有变态的现象，因为很多部份牵涉到表达不当，造成很多困扰，这种困扰又跟他的反抗性有关，而且他为了坚持理念理想，反而没有立场，不能很好地调适这种状况，也不能找到一个团体去参与。所以这种坏命水瓶的社会生活、社团生活不能伸展，他的理想不能表达，或是表达出来，不能得到同时的人的肯定，反而招致攻击毁谤恶意中伤，被目为极端份子变态人物，成为传统下的牺牲者。这种遭遇也使得他的性情更为冷漠变态而不可理喻，或者产生反社会的革命行为。 \r\n"
    },
    {
        "title": "白羊座",
        "content": "<p>EQ商数70－96 \r\n<p>支配行星：火星Mars在四季的时序中，白羊座占领“早春”这个令人愉悦的季节，而天生领导者的白羊座在与人相处时所展现出来的魅力，正如这个季节一般令人喜於接近。 \r\n<p>白羊座积极的性格一如奔腾翻涌的波涛，击退任何可能横亘在面前的阻碍。不过，只看见梦种和眼前的事，太过勇往直前是白羊座的缺点，需如偶而停下来环视生活周遭的美景往往是下一次冲刺的活力源头。 \r\n<p>关於爱情，白羊座的人格特质及绝佳的幽默感能轻易吸引别人靠近你身边，但冲动式的热情却让你每一回合的恋情都会认为对方就是你的白马王子（白雪公主）了。白羊座应该学习爱情应当是日渐成长才能持续长久的，而非当最初那份兴奋的激情，一消失就感到无聊不耐。 \r\n\r\n<p>白羊座与高EQ型命运曲线高EQ：白羊座具有的情绪优点是专注热衷、勇於任事、表达自我、乐观进取、对人热诚。 \r\n\r\n<p>命运曲线：一位白羊座的诞生者，与人相处和谐又能积极突显自己的特色，个性活泼而看起来耀眼，如果从小有机会凸显自己，参加书法比赛、绘画比赛、演讲比赛、作文比赛等等各种竞赛，也就是多才多艺，代表他可以发现自己的长处，若是常常担任领导人物，如班代表、乐队指挥、校队队长，代表他的风范使他居於领导地位时能够服众，这种白羊座的诞生者自然能突显自己，对自己有信心、有期待，也能够和别人和谐相处。 \r\n\r\n<p>顺着这种思维，长大成人之後，在社会角色的扮演上，属於一种有特殊技艺或才能，能够在其岗位上独立作业的工作，而不是扮演合夥性或集体创作的角色，例如主持人、律师、会计师、音乐家、画家、演艺人员、歌唱家等等。像这样的　白羊座就是受到上天赐福的白羊，因为这样的白羊能够彰显自己，表达上天创造其生命的光荣和完美，他的生命必定畅通。 \r\n\r\n<p>白羊座与低EQ型命运曲线低EQ：白羊座具有的负面情绪特徵是易怒、好强、鲁莽、火爆、冲动、暴力、排斥、自私、暴燥、尖酸刻薄、性急、爱吵架。命运曲线：反而有另外一种白羊座的诞生者，个性暴躁、自私、易怒、凡事先想到自己的利益才会顾及别人，为了自己的生存会不择手段的去伤害他人之利益，人际关系不好，在身体状况上也会有头痛、高血压等问题，而在自己的特殊才艺方面，却完全没有办法发现自己的优点，到底自己的特长在哪里？或者自己的人生该有什麽方向？一点也弄不清楚，但这种人尽管自己不了解自己，却很喜欢干涉别人的事务，为了要在同侪团体里表现自己威风和领导能力，就以恶行恶状的负面魅力来吸引别人的眼光，时常弄得场面十分尴尬。这种白羊座的幼稚行为所产生的挫折感，或许会使得他自己自动放弃自我的坚持和领导地位，而变得表面随顺他人，懦弱而怕惹是生非，不知自己该如何是好，因此以他人的意见为意见，这种表现虽使得表面上的生活似乎平安无事，但绝不符合白羊座的生命风格，因此潜意识中暗藏一团火气，这种心态累积久了，表面上是个好好先生，或者显现冷漠的客气，但其眼型变成叁角眼，目露凶光，常常无端卷入他人的是非纠纷中，或者常常发生意外事件而导致伤害，例如火伤、车祸、跌伤等等。\r\n"
    },
    {
        "title": "金牛座",
        "content": "<p>EQ商数74－82 \r\n<p>支配行星：金星沉稳、迟缓又固执的金牛座，守护神却是爱情女神维纳斯，这正符合了老实的“新好男人”正是女性青睐新宠的时代潮流。不过，顽固不屈，甚至有点“闷“的个性却着实会让身边的情人或朋友细胞多死好几万只。 \r\n<p>金牛座痛恨犯错，他希望能确定对方不是以什麽诡计来利用他，他需要各种形式的安全感，在爱情方面，金牛座不习惯逢场作戏。无论金牛座性格的人来自何方，无论他过着何种生活型态，在他内心都相信婚姻的神圣性。而务实的个性也会剑及履及地完成心中的理想。 \r\n<p>金牛座与高EQ型命运曲线高EQ：金牛座具有的情绪优点是沈默、安逸、踏实、耐性、韧性、沈着、稳健、自在、依恋、爱美、艺术气质、温柔、体贴、细致、美感佳。 \r\n<p>命运曲线：受到金牛座赐福的生命，会显现出音感敏锐，闻音知谱音乐鉴赏力强，或是音乐创作力强，歌喉优美，绘画特长，美感好，设计能力好，对珠宝精品服饰鉴定能力强，味觉佳对食物的品味也佳，细嚼慢，动作优雅悠闲，心地善良柔软富爱心，脾气佳，温柔多情而坚贞，爱情丰富多采多姿，每一段都有很好的回忆，而且活在自信中，也不担心没人来爱。 \r\n<p>不论出身的家庭是贫穷还是富裕，自己的财运一直都不错，缺钱用的时候都能容易的产生赚钱机会，对自己的财务处理明确而睿智，投资运好，财富与日俱增。 \r\n<p>女性的声音或高或低，但声音都非常甜美，男性的声音则是低沈有磁性而魅力佳。 \r\n<p>命好的金牛、动作缓慢优雅，却有一种不急不徐的大将之风，代表虽有自己的时间速度和流程，也能把事情做好。 \r\n<p>金牛座与低EQ型命运曲线低EQ：金牛座具有的负面情绪特徵是占有欲强、自我放纵、沉迷酒色、顽固、懒惰、记恨、贪婪，倔强、任性、敌意、放纵、拒绝沟通。 \r\n<p>命运曲线：没有受到金牛座赐福的金牛，内心贪婪，但财运总是不佳，每一次作投资都失败，也容易被人倒帐，造成金钱纠纷。这是因为贪婪蒙蔽了内心的清明，所以很容易破财，生命中愈是要求太过的部份，命运即给予重挫。 \r\n<p>平时好吃少动，狼吞虎，不能品食物的美好滋味而身材也会拥肿变形，变得毫无美感，同样的，内心对音乐艺术毫无品味，完全不能欣赏，或虽然想欣赏却因为忙於赚钱而无暇欣赏，终於成为生活无趣的金钱奴隶。 \r\n<p>金牛座的生命能量集中在人类的颈项，所谓颈项包括咽喉、声带、扁桃腺和甲状腺。有时候也和肾脏产生关连。　\r\n<p>在身体上常常会有扁桃腺发炎的现象，声音五音不全或者沙哑，咽喉声带也常常出问题造成困扰，因为贪婪的心没有得到财富的滋润，反而因为金钱问题长期焦虑，就会引起甲状腺失调的问题，或者有些金牛座的诞生者肾脏弱或者生过肾脏机能的毛病，也代表生命中的重要能量受到伤害。　在爱情方面则会发生长期恋爱又无结果，心痛无人倾诉，无人可以了解，分手後又爱又恨，往事皆是不堪回首的惨痛教训。\r\n"
    },
    {
        "title": "双子座",
        "content": "<p>EQ商数74－82 \r\n<p>支配行星：水星在季节的嬗递中，双子星座的想法易变。时而冷静观察红尘之事，时而任思绪纷飞於浪漫的梦中，具有复杂的双重性格，正如他的名字“双子”一般，也因此，这个星座EQ商数落差相当地大。 \r\n<p>双子座讨厌呆板一成不变，周遭的人也喜欢和你亲近，享受源源不绝的生活创意。因此，对双子星座的人而言，学着跟别人好好相处绝不是问题，但正因为你多变的性格，使得身旁的人偶而回怀疑你的诚意。 \r\n<p>双子座的象徵是一对双胞胎，而曾被双子座这种双重性格冒犯的人会描述他们是双面人，有时甚至指为精神分裂，这是因为他的朋友还不完全了解双子性格之故，其实，在他们的内心深处，也和其他人一样，希望有个能体贴他、关心他的长期伴侣。 \r\n<p>双子座与高EQ型命运曲线高EQ：双子座具有的情绪优点是好奇、惊讶、赞美、易沟通、随和、圆滑、活泼、灵巧。 \r\n<p>命运曲线：受到上天赐福的双子座生命，从小显现聪明的特质，记忆力好，会读书，常拿第一名，在星座象徵中，双子座常常是第一名，而处女座常常是模范生，双子不但会读书，而且口若悬河、能言善道，口才和企划能力都是第一流的，在人生求学的路中，双子座非常顺利，从小学一直到大学，甚至修到研究所硕士或博士的课程。毕业後以学术专长任职各单位资讯、企划、讲学、教育、文化、出版部门，而且常有旅行、进修和升迁的机会，以後在社会上扮演一位老师的形象，成为某方面的意见领袖或专家、权威。 \r\n<p>双子座与低EQ型命运曲线低EQ：双子座具有的负面情绪特徵是善变、不安分、狡猾、矛盾、粗心大意、缺乏耐性、浮燥、喋喋不休、焦虑、多疑、慌张、轻浮、虚伪、紧张。 \r\n<p>命运曲线：双子座的身体能量集中在肺部、呼吸道和两手，比较喜欢吸菸的应该是双子座，因为吸菸是同时运动到了肺部和手指，双子座紧张的时候会以吸菸来纾解焦虑。所以不受双子座祝福的诞生者，就容易伤风、感冒、咳嗽、鼻塞、鼻窦炎或其他呼吸道疾病，有些诞生者的问题是手部的骨折或烫伤、烧伤。 \r\n<p>其实这些身体上的现不利象都不能视为单一事件，这都是代表学习上或沟通上发生压力、障碍或适应不良的缘故的缘故，这种现象尤其多见於求学中的青少年，所以小孩子手部的骨折或长期呼吸道的疾病，家长都应该警觉到是否学习和沟通上出了问题。 \r\n<p>不受双子座赐福的诞生者，讲话可能会口吃，结结巴巴，非常好动，像猴子一样，注意力不能集中，学习效果不好，对多种事物产生兴趣，却是浅尝即止，多学少成，就是所谓的样样精通样样松。求学时期碰不到有缘的老师开导智慧，长辈缘份也不佳，升学考试一直都不顺利，所以也不能成为高学历的知识分子，以後的工作可能会和资讯有关，但比较缺乏创意，成为资讯事业或文化事业中处理庶务或流程的人员，例如收发、校对等等。这种生命型态在居住、社交或婚姻上也可能有不稳定的现象，例如常搬家、朋友常换，不能维持可靠的相互依赖关系，这是因为这种人喜欢玩弄小聪明，产生狡滑不可靠的现象，到最後连婚姻也被这种习性所影响，产生不圆满的现象。 \r\n"
    },
    {
        "title": "巨蟹座",
        "content": "<p>EQ商数84－92 \r\n<p>支配行星：月亮水象星座的叁个星座性格均具有浪漫的特质，温暖而富同情心，他们个个都是人际关系高手，而且是发乎内心的想与人亲近。而这项特质在巨蟹座尤其明显。光是看他们得守护神月亮，不同於其他行星，就可以看出端倪。巨蟹座的人喜欢将自己的家及工作场所整理得乾乾净净，井井有条，并且建构成自己的王国。他们欢迎任何想要进入这个领域的人作客，可是千万别想做“不速之客”，否则你会教到他们的“排他性”。 \r\n<p>巨蟹座的男人会为了建自己的巢而献出一切的努力，成为他们的朋友甚至他的家人，可以感受到他源源不绝的保护关怀之意。不过，可千万不要尝试在他的王国做个“另类”，不然你会“很累”。 \r\n<p>巨蟹座与高EQ型命运曲线高EQ：巨蟹座具有的情绪优点是温柔、贴心、爱心、了解别人、接纳、关怀、宽容、体恤、慈爱、牺牲、念旧、同情、感伤、温馨。 \r\n<p>命运曲线：受到上天祝福的巨蟹座，从小家庭幸福，命中有好爸爸、好妈妈，父母亲能仔细观察你的需要，做最好的教育安排，而且从小父母亲用尽各种关系来为你开展一条康庄大道，例如从小学到大学，都是稳稳当当，在父母的庇荫下出国拿到博士学位，回果马上因父母的关系任职财团企业或政府机构，你不用经历惊涛骇浪，只要在稳定中好好表现，就已经有条很好的路，也可以承继家产，或从兄弟姐妹中得到利益；但你自己也是非常孝顺父母亲，并和兄弟姊妹感情都好，可说是家庭伦理下的受益者。 \r\n<p>巨蟹座与低EQ型命运曲线低EQ：巨蟹座具有的负面情绪特徵是色厉内荏，容易自怜、喜被奉承、心胸狭窄、过度敏感，谄上威下、愧疚、羞耻、心胸狭窄、多疑、担心、不安、抵抗、忧愁、嫉妒、敌意、防卫。 \r\n<p>命运曲线：不受上天赐福的巨蟹座真的很麻烦，从小跟父母。兄弟姊不合，必须离乡背井到外面去奋斗，只要谈到自己的父母就很头痛！爸爸吸毒，妈妈犯罪，兄弟姊妹全部都是来要钱的，弄得生活负担极重，苦不堪言，最低的一点人生希望，只要有一个自己的窝，自己的小天地，和别人比起来也许这个希望不算苛求，但以後结婚自组家庭，生出不肖子女，或配偶不好，回到家就浑身不自在，一辈子和家庭的噩梦牵缠不休。巨蟹座的能量在身体的胃部，不受上天赐福的巨蟹座，也可能容易得肝胃之疾，或是乳房的肿瘤。原因是因为家庭中人际关系的折磨，不但得不到爱的滋润，而且长期焦虑担心精力透支，内分泌受到影响所致。\r\n"
    },
    {
        "title": "狮子座",
        "content": "<p>低EQ：狮子座具有的负面情绪特徵是武断、自大、自以为是、好管闲事、热衷权势、表现古怪骄傲排斥拒绝沟通自满冲动虚荣夸张。 \r\n<p>命运曲线：而一个坏命的狮子座就是自大，以自我为中心，一定要做领导者，但人家又不服他，以致它会很不适当的表达自我，常要引起人家注意，就变成恶形恶状的狮子座，所以他喝酒壮胆骂人，但又觉得自己的自尊被伤害而大吵大闹。尤其是喝酒、吃药后胆子特别大特别爱骂人的狮子座就是运势较糟，较有问题的；真正好的狮子座是常保自尊心，与人协调，不但有王者之风，且居领导地位，真的是好命坏运的就没办法，因为不适当表现，或发现不了自己的专长，不能够表达魅力，建立自信，一方面自尊心强，其实是自卑感很重，永远被人视为怪物，特别爱表现、恶行恶状。相对于恶行恶状的令一种人格型态，是永远的没自信，眼神中散发着对人事一切的畏惧感和无信心，对于别人的成就总是羡慕加嫉妒，对于自己，总是不相信这份应有的荣耀竟是上天赐与的礼物。 \r\n"
    },
    {
        "title": "处女座",
        "content": "<p>EQ商数80－84</p> \r\n<p>支配行星：水星处女座喜天生纤细的心思，可能与他的守护神水星是座心智之行星有关。处女座向来是个“为人服务的星座”，这个特质，使得他们的人缘虽不见得好到那里，却也不会多差，成为十二个星座中，EQ商数落差最小的星座。</p>\r\n<p>处女座大概有是黄道十二个星座里最严格自制、最修养到家的星座，但他习惯性的“自我批评”常使人误会处女座的人有一自制，有点冷漠。而完美主义者的个性有常使他身边的人喘不过气来。</p>\r\n<p>处女座通常适合做会计、影评人、看护及医药界，而且往往会在同一工作岗位上待好几年，即使别人可能觉得无聊乏味，他们却能乐在其中。 </p>\r\n<p>处女座与高EQ型命运曲线高EQ：处女座具有的情绪优点是冷静、认真、细致、勤快、分析、谨慎、自制、负责、精神集中、努力、刻苦、平静、沈默。 </p>\r\n<p>命运曲线：受到上天赐福的处女座，从小一定是模范生，永远让人放心，秩序感强，非常乖，非常努力，什麽东西都摆得井井有条，写字也写得规距，这种处女座就是优点表现出来，在父母亲的眼中是好孩子，上司的眼中是好部属、部属的眼中是好长官、妻子的眼中是好先生、子女的眼中是好爸爸。而且处女座统治星是水星，本来就是蛮会读书的，从小读书好、学习能力强，以後学以致用，服务社会，在专业领域，发挥了很好的学术能力。</p> \r\n<p>处女座与低EQ型命运曲线低EQ：处女座具有的负面情绪特徵是情绪不稳定、心情易受外来影响、挑剔、嫉妒、批评、厌恶、悲观、心胸狭窄，紧张担心、胆怯、害怕、惶恐、怀疑、忧虑。 \r\n<p>命运曲线：但如果一个处女座没办法表现出他的秩序感、优秀能力，或是很想有表现却工作压力太大，心理有障碍，无法抒解，所以白天做一种事，晚上做一种事，这就是比较糟糕的处女座。有些处女座白天表现还好，晚上做些不好的勾当，明的一面、暗的一面，令人大吃一惊。这是调适不过来，比较坏命的处女座，这种处女座伪善、心胸狭窄、眼界不宽、锱铢必较，凡事不知通融、故意刁难，终於愈老愈变态，变成人见人厌。\r\n"
    },
    {
        "title": "天秤座",
        "content": "<p>高EQ：天秤座具有的情绪优点是友善外向信任协调中庸圆滑随和亲切温和依恋宁静泰然。 \r\n<p>命运曲线：天秤座代表合作代表判断代表朋友和夫妻，基本上来讲，受到上天赐福的天秤座是「谋定而后动」，什么事会先想一想，做出正确的判断后照着判断去做。好运的天秤座有很多好朋友，常给他不同意见，他能从不同意见中找出很好的结论。他有很好的合作缘份，什么事一个人不行，跟别人一起他就能获利。还有天秤座命好的话就是嫁到好人或娶到好人，他的婚姻生活很好很稳定，可以让他沉浸其中，这都是天秤座的好现象。尤其是夫妻缘和朋友缘，天秤座受益于此两者的现象真是一生不断，非常明显。 \r\n<p>　　在占星术中，恋爱是属于狮子座的课题，而婚姻是属于天秤座的课题，恋爱是爱自己喜欢的对象，前提是自我的延伸和发挥，这是属于狮子座的性质，婚姻是要尊重另一半的态度，某些程度上是要屈己而从人，这是属于天秤座的性质，有些人恋爱没问题而婚姻有问题，就是不明白恋爱的道理和婚姻的道理不同所致。\r\n\r\n<p>合作的道理基本上是为别人着想，凡事都求公平，更深入而言，就是爱人者人恒爱之，恨人者人恒恨之。只要心中有爱，生活在爱与喜悦之中的生命，自然能够和别人分享，这才是最稳当的合作基础。"
    },
    {
        "title": "天蝎座",
        "content": "<p>EQ商数80－90 \r\n<p>    支配行星：火星及冥王星天蝎座受到代表战神的火星及象徵冥王之府的冥王星支配，可怜的天蝎老视被视为黄道中最居心不良，甚至心狠手辣的星座，事实上这并不公平，天蝎的内心潜藏着对朋友忠诚、同甘共苦的善心。当然，他们的“朋友”，是有选择性的。 \r\n\r\n<p>    天蝎座是十二星座中本能与直觉力最强的星座，孔老夫子说无友不如己者，恐怕是许多天蝎奉为圭臬的一句话，想要成为天蝎的朋友，可得要好好加强自己的能力喔！ \r\n\r\n<p>    天蝎座与高EQ型命运曲线高EQ：天蝎座具有的情绪优点是毅力、温柔、坚强、洞察、耐力、韧性、深沈。 \r\n\r\n<p>    命运曲线：天蝎座，它代表的是「死而复生」，所以一个天蝎座能在二十岁至四十岁间有个失败经验，而且能够记取这个教训，基本上来讲就是成功的。一个好命的天蝎座绝对能在挫折中爬起来，他不会认为天下是我最不幸，只有我受过这个苦，别人都不知道！一个很好命的天蝎座能够把自己的悲苦化作奋斗的力量，基督山恩仇记这个小说就代表一个好命的天蝎，他能把苦难转换成以後的成功，这是个好命的天蝎座。 \r\n\r\n<p>    天蝎座与低EQ型命运曲线低EQ：天蝎座具有的负面情绪特徵是善妒、顽固、倔强、难驾驭、多疑、城府过深、愤恨、恐惧、暴力、排斥、悲观、罪恶感、心胸狭窄、多疑、拒绝沟通、孤独、报复、阴沈、执拗、残忍、嫉妒、反叛、苛求、顽强、纵欲。 \r\n\r\n<p>    命运曲线：坏命的天蝎座，或者是他一直都没有失败，到晚年才失败，以致永远都爬不起来！所以，没有在年轻时失败的天蝎座真的要注意一下，我观察过很多的天蝎座，都是注定生命中会有一次失败的，再从失败中爬起来才能真正的稳定！在人生中太晚遭遇挫折，以致一崛不振，造成终身遗憾，这是一种状况，还有另外一种天蝎，幼年或童年时就历经人世艰辛，这期间可能有许多悲惨经历，再回首也难以启齿，造成了一种特殊心结的个性，可以说脑部结构已经受损，也是另一种终身遗憾。就是有时候天蝎座所受到的苦难，因为非常敏感，所以会放大的很厉害，觉得自己是受最多苦，没人知道他受了多少苦，而心里的苦更是无处发，如果不能抒解情绪，就会产生很多问题。往昔的伤痛不断吸引伤痛事件，像结婚後婚姻会出问题这种人吸引过来的就是很复杂的爱情，如交往很久却没结婚，分手後又不能互相忘掉对方等等，又爱又恨，坏命的天蝎座心有千千结，而且不能很公平地来看待那些事情。所以当一个天蝎座不能很公平地看待自己以前的坏运，而心里很多结的时候，就是走不出自我，无法蜕变、无法疗愈的蝎子。\r\n"
    },
    {
        "title": "射手座",
        "content": "<p>eQ：射手座具有的情绪优点是勇敢乐观赞美易沟通幽默率真爽朗浪漫洒脱狂热。\r\n<p>命运曲线：受到上天赐福的射手座，爱好运动，学业成绩也非常好，一生有很多旅游机会，求学过程非常顺利，而且懂得用学问和学业证书来装饰自己，通常有到国外留学的机会，能够接受外国文化的洗礼，语言能力非常好，通个几国语言并非难事，这都是射手座的专长。射手座就是要给他活动的机会，也就是旅行运。能够到远方去旅行，让自己脱胎换骨，让自己能有一个接受洗礼的机会，就是一个好命的射手座。射手座着重的是自已的成长经验，他要的是生命的成长，至于成功也好失败也好，非其所计较，但自己有没有学到东西最重要所以射手代表读万卷书，代表较高深的学问，一个射手座如果能修到硕士、博士，他的命格真的比较高，如果能到远方去，接受其它国外文化，认识其它有学问的人，就是个好命的射手座了。所以射手座走好运通常跟旅行有关，能自由自在，就代表这个射手座受到上天的赐福。\r\n<p>射手座与低EQ型命运曲线\r\n<p>低EQ：射手座具有的负面情绪特徵是吹嘘、夸大、不安分、盲目乐观、没有责任感，反复无常、粗心、偏激夸大撒谎放纵激情忽冷忽热。\r\n<p>命运曲线：而一个运势差的射手座，会有各种事把他绑住，就是没办法旅行，也没办法受高深教育，也没知识。从小不能在运动和游玩方面得到满足感，体力无法发泄，造成不能专心念书或做事，能量卡在身体肌肉里，一直过不了运动和旅行这一关，读书方面当然落在别人后面，竞争力跟着愈来愈差。有些坏命的射手座表现出的不是哲理的智慧，相反的是表现出卤莽，不知道什么场合该说什么话有什么恰当的表现，像这种比较没脑袋的射手座只能做体力的劳动，没办法发展出自己比较高深的心智层面。坏命的射手座就是一直被固定住、无法变动，找不出人生的新机会和改运的方法，而且做事无恒，心态三个月一小变三年一大变，前后努力不能连贯，造成人生资源的浪费，非常可惜。\r\n"
    },
    {
        "title": "摩羯座",
        "content": "<p>EQ商数68－82\r\n<p>支配行星：土星酷冬季节出生的魔羯座，就像大地孕育一股坚韧的生命力，脚踏实地是魔羯座的美德，颇负耐心及责任心，但由於封闭个性，使得魔羯座不能恣意与人交往。\r\n<p>其实，偶而让自己解放一下，随和一点，应不致於对自己造成任何伤害的，你的人生的确需要一点浪漫。试着对人生多发挥幽默感，别老是一副悲观论调，常常以乐观的态度去看待事情，也许来几位射手座的朋友在身边，让他们教你怎麽做。\r\n<p>这个星座的象徵是“山羊角”，所以亦称为山羊座，有不少相当令人惊叹的名人是诞生在魔羯座，包括化学及细菌学家斯巴德、史怀哲、毛泽东、及美国的金恩博士（黑人民权运动领袖）均经过一番逆境而终至成名的人物。\r\n<p>魔羯座与高EQ型命运曲线高EQ：魔羯座具有的情绪优点是负责、冷静、理智、严谨、坚忍、踏实、勤劳、内省、谨慎。\r\n<p>命运曲线：魔羯座的成功比较晚，五十岁後才能成功，之前是比较吃苦耐劳的，这种生命型态幼运常常多灾多难，青少年时期，约当十七岁至叁十岁，非常烦恼，生命压力非常大，不像别的青少年，能够又吃又玩、无忧无虑，甚且还会觉得人生无味，苦多於乐，不如自杀。但是一过叁十岁，运势慢慢好转，五十岁之後能够成功，而且大走老运，令人嫉羡非常。\r\n<p>但我们很难从五十岁前的成败来判定魔羯座的生命型态好或不好。不过一个真正优良的魔羯座必然是按部就班、脚踏实地，而且很沈着，绝对不会轻浮，处理压力的能力非常好，能够把大的压力化为很多小的压力，而且每一个小压力都化成按部就班的计画去执行。所以一个魔羯座的成功特色就是他能持续努力、一直埋头苦干！无论碰到什麽困难，都能够不沮丧、不气馁，一个魔羯座的人过五十岁那年很好，有喜事临门，之後就一帆风顺，而之前的辛苦所吸收到的经验，都能在五十岁之後发挥出来，这就是好现象。\r\n<p>魔羯座与低EQ型命运曲线低EQ：魔羯座具有的负面情绪特徵是悲观、墨守成规、吝啬、爱杀风景、唯利是图、欺善怕恶、现实、谄上欺下、挫折、压力、冷漠、忧郁、苛求、冷酷、猜疑、沮丧、畏缩、沈闷、压抑、自残。\r\n<p>命运曲线：不受上天赐福的魔羯座，从小悲观忧郁，凡事看坏的一面，不看好的一面，遇到小事，也把它放大压力，虽然也想全力以赴，但往往准备周全，勇气不够、临场退却，年轻时就有自闭倾向，或是时常忧郁而想毁灭自己的生命。过了叁十岁之後，仍然一事无成，沈溺在以往的忧愁之中，运势也不见得好转，结婚之後，所生的长子，与自己关系不睦，甚至也是多病多灾，好像自己儿时翻版。这种魔羯座过了五十岁却仍不知自己要做什麽，本身就要自我检讨，却还在自怨自艾，因为该负责任的人其实是自己。\r\n<p>所以魔羯通常以五十岁来做人生的分界点，而在五十岁之前的表现，就要看处理压力的能力，和情绪调适是否平衡。\r\n\r\n\r\n\r\n\r\n\r\n"
    },
    {
        "title": "双鱼座",
        "content": "<p>双鱼座与高EQ型命运曲线 \r\n<p>高EQ：双鱼座具有的情绪优点是同情、同理心、温柔、接纳、赞美、沟通良好、善良、宽容、妥协、怜悯、牺牲、直觉、体谅、友善。 \r\n<p>运曲线：双鱼座的好和坏真是天壤之别。好命的双鱼座就如同苏东坡的诗：「但愿儿孙愚且鲁，无灾无难到公卿」，受到上天赐福的双鱼座，并不是自己本事大，但会对人和霭、大方，身为老板并不特别要求员工，但他就是幸运，公司就是能赚钱，所以很多双鱼座通常不用很努力就能得到成功，他只要方向正确，灵感好，就有天赐之。而其中强调的是福至心灵的那一点灵感，这种灵感可说是身体正常、生活正常然後心怀慈悲的一种感应，说是好心好报，也并不为过。 \r\n<p>双鱼座与低EQ型命运曲线 \r\n<p低EQ：双鱼座具有的负面情绪特徵是消极、暧昧、粗心、糊涂、意志薄弱、散漫、不切实际、依赖、上瘾、悲伤、心胸狭窄、嫉妒、批评、多疑，逃避、懊悔。 \r\n<p>运曲线：不受上天赐福的双鱼座，完全没办法自己照顾自己，没办法调适自己，即使别人跟他讲了很多道理，但对他来讲却都没用，他自己也明白该怎麽做，但他就像是烂泥一样，在烟酒、麻醉药、赌博、情欲中渡过一生。所以双鱼坐基本上是个需要宗教的个性，也就是上瘾的个性，如果没有宗教的话，就需要一个代替品，这个代替品可能是爱情，也可能是其他不良嗜好。这种鱼儿别人欺负他也不反抗或没有反抗能力，没办法正确表达自己的心灵世界，在心灵上非常依赖外力，心里痛苦却不能纾解。所以我们看到很多受苦受难的真的跟双鱼有关，关键问题都在这些双鱼沈溺再痛苦的人生里，虽然不是难以自拔，却一点也没有自拔的动力，他们的心中很难燃起任何希望，总是认为老天遗弃了他们。双鱼代表因果报应，通常应该走宗教路，了解宇宙真理是怎麽呈现在身上的，所以双鱼的好跟坏真的差别非常非常大！\r\n"
    }
]