[
    {
        "姓氏": "1",
        "内容": "0608-1321-2113-1522-2303-2217"
    },
    {
        "姓氏": "2",
        "内容": "1904,0914,0912,0412,1110,1310"
    },
    {
        "姓氏": "3",
        "内容": "1206-0312-0315-0805-1305-1804"
    },
    {
        "姓氏": "4",
        "内容": "1914-1205-0912-0116-1106-0902"
    },
    {
        "姓氏": "5",
        "内容": "0107-1206-1107-0805-1006-1814"
    },
    {
        "姓氏": "6",
        "内容": "1916-1005-1114-0916-1015-0906"
    },
    {
        "姓氏": "7",
        "内容": "0816-1114-0907-1806-1006-0810"
    },
    {
        "姓氏": "8",
        "内容": "0312-1015-0906-0907-1006-1312"
    },
    {
        "姓氏": "9",
        "内容": "1220-1204-0214-0906-0907-0807"
    },
    {
        "姓氏": "10",
        "内容": "2114-1417-0310-1407-1312-1112"
    },
    {
        "姓氏": "11",
        "内容": "0204-2004-1014-2120-2202-1212"
    },
    {
        "姓氏": "12",
        "内容": "0110-1312-0914-0310-1310-1110"
    },
    {
        "姓氏": "13",
        "内容": "0206-1212-0315-1206-0816-0216"
    },
    {
        "姓氏": "14",
        "内容": "0315-0912-0117-1015-1112-0106"
    },
    {
        "姓氏": "15",
        "内容": "0314-1014-0214-1814-0915-0907"
    },
    {
        "姓氏": "16",
        "内容": "1906-0916-0914-1904-0906-0907"
    },
    {
        "姓氏": "17",
        "内容": "1806-2015-1817-0816-0807-0810"
    },
    {
        "姓氏": "18",
        "内容": "0302-1302-0312-1407-2322-1501"
    },
    {
        "姓氏": "19",
        "内容": "1220-1204-0204-0214-0313-0716"
    },
    {
        "姓氏": "20",
        "内容": "0312-1312-0110-0407-0310-0417"
    },
    {
        "姓氏": "21",
        "内容": "0214-0222-2004-1120-1204-1212"
    },
    {
        "姓氏": "22",
        "内容": "0314-1005-0904-0312-0914-1312"
    },
    {
        "姓氏": "23",
        "内容": "0315-1106-0706-0510-1310-0817"
    },
    {
        "姓氏": "24",
        "内容": "0617-1705-0714-0322-0914-1304"
    },
    {
        "姓氏": "26",
        "内容": "0813-1303-0907-0311-0514-1414"
    },
    {
        "姓氏": "27",
        "内容": "0319-1804-2104-0314-0914-1612"
    },
    {
        "姓氏": "28",
        "内容": "0213-1305-1508-1112-1114-1311"
    },
    {
        "姓氏": "30",
        "内容": "0314-1302-2403-2122-0403-1318"
    },
    {
        "姓氏": "31",
        "内容": "0918-1905-1507-2410-0919-1810"
    },
    {
        "姓氏": "32",
        "内容": "0614-1508-1209-0515-0814-1216"
    },
    {
        "姓氏": "33",
        "内容": "0419-1207-0904-0913-0513-1417"
    },
    {
        "姓氏": "25",
        "内容": "0415-1506-0804-0218-1114-1215"
    },
    {
        "姓氏": "29",
        "内容": "0717-1508-2305-0612-1224-1714"
    }
]