[
    {
        "id": "1",
        "bihua": "1,16,56,61,85",
        "intro": "两人有默契\r\n　　"
    },
    {
        "id": "2",
        "bihua": "2,17,57,86",
        "intro": "他非常关心你\r\n　　"
    },
    {
        "id": "3",
        "bihua": "3,18,62,87",
        "intro": "你和他只能做朋友\r\n　　"
    },
    {
        "id": "4",
        "bihua": "4,19,32,58,88",
        "intro": "兴趣不合\r\n　　"
    },
    {
        "id": "5",
        "bihua": "5,35,63,89",
        "intro": "男生主动\r\n　　"
    },
    {
        "id": "6",
        "bihua": "6,41,59,90",
        "intro": "第三者介入\r\n　　"
    },
    {
        "id": "7",
        "bihua": "7,33,64,91",
        "intro": "他非常讨厌你\r\n　　"
    },
    {
        "id": "8",
        "bihua": "8,43,60,92",
        "intro": "早点分手比较好\r\n　　"
    },
    {
        "id": "9",
        "bihua": "9,47,66,70,93",
        "intro": "他有一堆女朋友\r\n　　"
    },
    {
        "id": "10",
        "bihua": "10,34,10,65,94",
        "intro": "两情相悦\r\n　　"
    },
    {
        "id": "11",
        "bihua": "11,46,73,11",
        "intro": "他对你献真情\r\n　　"
    },
    {
        "id": "12",
        "bihua": "12,42,55,74,96",
        "intro": "他已有心上人\r\n　　"
    },
    {
        "id": "13",
        "bihua": "13,36,49,69,97",
        "intro": "此情不渝\r\n　　"
    },
    {
        "id": "14",
        "bihua": "14,48,71,98",
        "intro": "他时常暗中注意你\r\n　　"
    },
    {
        "id": "15",
        "bihua": "15,37,72,99",
        "intro": "他有企图要小心\r\n　　"
    },
    {
        "id": "16",
        "bihua": "20,67,100",
        "intro": "他会爱你\r\n　　"
    },
    {
        "id": "17",
        "bihua": "17,21,38,75",
        "intro": "他非常在乎你\r\n　　"
    },
    {
        "id": "18",
        "bihua": "18,22,76",
        "intro": "女方主动\r\n　　"
    },
    {
        "id": "19",
        "bihua": "24,16,77",
        "intro": "也有人暗中注意你\r\n　　"
    },
    {
        "id": "20",
        "bihua": "25,40,78",
        "intro": "女方单恋\r\n　　"
    },
    {
        "id": "21",
        "bihua": "26,44,80",
        "intro": "不能长相厮守\r\n　　"
    },
    {
        "id": "22",
        "bihua": "27,50,81",
        "intro": "他会喜欢你\r\n　　"
    },
    {
        "id": "23",
        "bihua": "28,51,68,79",
        "intro": "要长期交往\r\n　　"
    },
    {
        "id": "24",
        "bihua": "29,52,82",
        "intro": "他早就爱上你\r\n　　"
    },
    {
        "id": "25",
        "bihua": "30,53,83",
        "intro": "他会抛弃你\r\n　　"
    },
    {
        "id": "26",
        "bihua": "31,54,84",
        "intro": "要互相沟通\r\n\t"
    }
]