[
    {
        "id": "121",
        "tg": "甲",
        "dz": "子",
        "content": "木性生寒,丁先庚后,丙火为佐,必须支见巳寅,方为贵格。"
    },
    {
        "id": "122",
        "tg": "乙",
        "dz": "子",
        "content": "寒木向阳,专用丙火,忌见癸水。"
    },
    {
        "id": "123",
        "tg": "丙",
        "dz": "子",
        "content": "气近二阳,丙火弱中复强,故用壬水,取戊制之,无戊用己。"
    },
    {
        "id": "124",
        "tg": "丁",
        "dz": "子",
        "content": "庚金劈甲引丁,甲木为尊,庚金为佐。戊癸权宜取用。"
    },
    {
        "id": "125",
        "tg": "戊",
        "dz": "子",
        "content": "丙火为尚,甲木为佐。"
    },
    {
        "id": "126",
        "tg": "己",
        "dz": "子",
        "content": "三冬己土,非丙暖不生。壬水太旺,取戊土制之,土多,取甲木疏之。"
    },
    {
        "id": "127",
        "tg": "庚",
        "dz": "子",
        "content": "仍取丁甲,次取丙火照暖,丙丁须临寅巳午未戌支,方为有力。一派金水,不入\r\n和暖之乡,孤贫。"
    },
    {
        "id": "128",
        "tg": "辛",
        "dz": "子",
        "content": "冬月辛金,不能缺丙火温暖,余皆酌用。"
    },
    {
        "id": "129",
        "tg": "壬",
        "dz": "子",
        "content": "水旺宜戊,调候宜丙,丙戊必须兼用。"
    },
    {
        "id": "130",
        "tg": "癸",
        "dz": "子",
        "content": "丙火解冻,辛金滋扶。"
    },
    {
        "id": "131",
        "tg": "甲",
        "dz": "丑",
        "content": "丁火必不可少,通根巳寅,甲木为助,用庚劈甲引丁。"
    },
    {
        "id": "132",
        "tg": "乙",
        "dz": "丑",
        "content": "寒谷回春,专用丙火。"
    },
    {
        "id": "133",
        "tg": "丙",
        "dz": "丑",
        "content": "喜壬为用,土多不可少甲。"
    },
    {
        "id": "134",
        "tg": "丁",
        "dz": "丑",
        "content": "庚金劈甲引丁,甲木为尊,庚金为佐。戊癸权宜取用。"
    },
    {
        "id": "135",
        "tg": "戊",
        "dz": "丑",
        "content": "丙火为尚,甲木为佐。"
    },
    {
        "id": "136",
        "tg": "己",
        "dz": "丑",
        "content": "三冬己土,非丙暖不生。壬水太旺,取戊土制之,土多,取甲木疏之。"
    },
    {
        "id": "137",
        "tg": "庚",
        "dz": "丑",
        "content": "仍取丁甲,次取丙火照暖,丙丁须临寅巳午未戌支,方为有力。一派金水,不入\r\n和暖之乡,孤贫。"
    },
    {
        "id": "138",
        "tg": "辛",
        "dz": "丑",
        "content": "冬月辛金,不能缺丙火温暖,丙先壬后,戊己次之,总之丙火不可少也。"
    },
    {
        "id": "139",
        "tg": "壬",
        "dz": "丑",
        "content": "上半月专用丙火,下半月用丙,甲木为佐。"
    },
    {
        "id": "140",
        "tg": "癸",
        "dz": "丑",
        "content": "丙火解冻,通根寅巳午未戌方妙。支成金局,要丙透得地。支成火局,又宜用庚辛。"
    },
    {
        "id": "141",
        "tg": "甲",
        "dz": "寅",
        "content": "调合气候为要,丙火为主,癸水为佐。"
    },
    {
        "id": "142",
        "tg": "乙",
        "dz": "寅",
        "content": "取丙火解寒,略取癸水为滋润,不宜困丙。"
    },
    {
        "id": "143",
        "tg": "丙",
        "dz": "寅",
        "content": "壬水为用,庚金发水之源为佐。"
    },
    {
        "id": "144",
        "tg": "丁",
        "dz": "寅",
        "content": "用庚金劈甲引丁。"
    },
    {
        "id": "145",
        "tg": "戊",
        "dz": "寅",
        "content": "无丙照暖,戊土不生,无甲疏劈,戊土不灵,无癸兹润,戊土不长。先丙、次甲、\r\n次癸。"
    },
    {
        "id": "146",
        "tg": "己",
        "dz": "寅",
        "content": "取丙解寒,忌见壬水,如水多,须以土为佐。土多用甲,甲多用庚。"
    },
    {
        "id": "147",
        "tg": "庚",
        "dz": "寅",
        "content": "用丙暖庚性,患土厚埋金,须甲疏泄。火多用土,支成火局用壬。"
    },
    {
        "id": "148",
        "tg": "辛",
        "dz": "寅",
        "content": "辛金失令,取己土为生身之本,欲得辛金发用,全赖壬水之功。壬己并用,以庚为\r\n助。"
    },
    {
        "id": "149",
        "tg": "壬",
        "dz": "寅",
        "content": "无比劫,不必用戊,专用庚金,丙火为佐。"
    },
    {
        "id": "150",
        "tg": "癸",
        "dz": "寅",
        "content": "用辛生癸水为源,无辛用庚。丙不可少。"
    },
    {
        "id": "151",
        "tg": "甲",
        "dz": "卯",
        "content": "阳刃驾杀,专用庚金,以戊己滋杀为佐。无庚,用丙丁泄秀,不取制杀。"
    },
    {
        "id": "152",
        "tg": "乙",
        "dz": "卯",
        "content": "以癸滋木,用丙泄秀,不宜见金。"
    },
    {
        "id": "153",
        "tg": "丙",
        "dz": "卯",
        "content": "专用壬水,水多用戊制之,身弱用印化之。"
    },
    {
        "id": "154",
        "tg": "丁",
        "dz": "卯",
        "content": "以庚去乙,以甲引丁。"
    },
    {
        "id": "155",
        "tg": "戊",
        "dz": "卯",
        "content": "无丙照暖,戊土不生,无甲疏劈,戊土不灵,无癸兹润,戊土不长。先丙、次甲、\r\n次癸。"
    },
    {
        "id": "156",
        "tg": "己",
        "dz": "卯",
        "content": "用甲忌与己土合化,次用癸水润之。"
    },
    {
        "id": "157",
        "tg": "庚",
        "dz": "卯",
        "content": "庚金暗强,专用丁火,借甲引丁,用庚劈甲。无丁用丙。"
    },
    {
        "id": "158",
        "tg": "辛",
        "dz": "卯",
        "content": "壬水为尊,见戊己为病,须甲制伏。"
    },
    {
        "id": "159",
        "tg": "壬",
        "dz": "卯",
        "content": "三春壬水绝地,取庚辛发水之源,水多用戊。"
    },
    {
        "id": "160",
        "tg": "癸",
        "dz": "卯",
        "content": "乙木司令,专用庚金,辛金为次。"
    },
    {
        "id": "161",
        "tg": "甲",
        "dz": "辰",
        "content": "用金必须丁火制之,为伤官制杀。无庚用壬。"
    },
    {
        "id": "162",
        "tg": "乙",
        "dz": "辰",
        "content": "若支成水局,取戊为佐。"
    },
    {
        "id": "163",
        "tg": "丙",
        "dz": "辰",
        "content": "专用壬水,土重以甲为佐。"
    },
    {
        "id": "164",
        "tg": "丁",
        "dz": "辰",
        "content": "以甲木引丁制土,次看庚金。木盛用庚,水盛用戊。"
    },
    {
        "id": "165",
        "tg": "戊",
        "dz": "辰",
        "content": "戊土司令,先用甲疏,次丙、次癸。"
    },
    {
        "id": "166",
        "tg": "己",
        "dz": "辰",
        "content": "先丙后癸,土暖而润,随用甲疏。"
    },
    {
        "id": "167",
        "tg": "庚",
        "dz": "辰",
        "content": "顽金宜丁,旺土用甲,不用庚劈。支火宜癸,干火宜壬。"
    },
    {
        "id": "168",
        "tg": "辛",
        "dz": "辰",
        "content": "若见丙火合辛,须有癸制丙。支见亥子申,为贵。"
    },
    {
        "id": "169",
        "tg": "壬",
        "dz": "辰",
        "content": "甲疏季土,次取庚金以发水源,金多须丙制之为妙。"
    },
    {
        "id": "170",
        "tg": "癸",
        "dz": "辰",
        "content": "上半月专用丙火,下半月虽用丙火,辛甲为佐。"
    },
    {
        "id": "171",
        "tg": "甲",
        "dz": "巳",
        "content": "调合气候,癸水为主。原局气润,庚丁为用。"
    },
    {
        "id": "172",
        "tg": "乙",
        "dz": "巳",
        "content": "月令丙火得禄,专用癸水,调候为急。"
    },
    {
        "id": "173",
        "tg": "丙",
        "dz": "巳",
        "content": "以庚为佐,忌戊制壬。"
    },
    {
        "id": "174",
        "tg": "丁",
        "dz": "巳",
        "content": "取甲引丁,甲多又取庚为先。"
    },
    {
        "id": "175",
        "tg": "戊",
        "dz": "巳",
        "content": "戊土建禄,先用甲疏劈,次取丙癸。"
    },
    {
        "id": "176",
        "tg": "己",
        "dz": "巳",
        "content": "调候不能无癸,土润不能无丙。"
    },
    {
        "id": "177",
        "tg": "庚",
        "dz": "巳",
        "content": "丙不熔金,惟喜壬制。次取戊土,丙火为佐。支成金局,变弱为强,须用丁火。"
    },
    {
        "id": "178",
        "tg": "辛",
        "dz": "巳",
        "content": "壬水淘洗,兼有调候之用,更有甲木制戊,一清彻底。"
    },
    {
        "id": "179",
        "tg": "壬",
        "dz": "巳",
        "content": "壬水弱极,取庚辛为源,壬癸比助。"
    },
    {
        "id": "180",
        "tg": "癸",
        "dz": "巳",
        "content": "无辛用庚。忌丁破格,有壬可免。"
    },
    {
        "id": "181",
        "tg": "甲",
        "dz": "午",
        "content": "木性虚焦,癸为主要。无癸用丁,亦宜运行北地。"
    },
    {
        "id": "182",
        "tg": "乙",
        "dz": "午",
        "content": "上半月专用癸水,下半月丙癸并用。"
    },
    {
        "id": "183",
        "tg": "丙",
        "dz": "午",
        "content": "壬庚以通根申宫为妙。"
    },
    {
        "id": "184",
        "tg": "丁",
        "dz": "午",
        "content": "火多以庚壬两透为贵。无壬用癸,为独杀当权。"
    },
    {
        "id": "185",
        "tg": "戊",
        "dz": "午",
        "content": "调候为急,先用壬水,次取甲木,丙火酌用。"
    },
    {
        "id": "186",
        "tg": "己",
        "dz": "午",
        "content": "调候不能无癸,土润不能无丙。"
    },
    {
        "id": "187",
        "tg": "庚",
        "dz": "午",
        "content": "专用壬水,癸次之,须支见庚辛为助。无壬癸,用戊己泄火之气。"
    },
    {
        "id": "188",
        "tg": "辛",
        "dz": "午",
        "content": "己无壬不湿,辛无己不生,故壬己并用,无壬用癸。"
    },
    {
        "id": "189",
        "tg": "壬",
        "dz": "午",
        "content": "取庚为源,取癸为佐,无庚用辛。"
    },
    {
        "id": "190",
        "tg": "癸",
        "dz": "午",
        "content": "庚辛为生身之本,但丁火司权,金难敌火,宜兼有比劫,方得庚辛之用。"
    },
    {
        "id": "191",
        "tg": "甲",
        "dz": "未",
        "content": "上半月同午月用癸,下半月用庚丁。"
    },
    {
        "id": "192",
        "tg": "乙",
        "dz": "未",
        "content": "润土滋木,喜用癸水,柱多金水,先用丙火。夏月壬癸,切忌戊己杂乱。"
    },
    {
        "id": "193",
        "tg": "丙",
        "dz": "未",
        "content": "以庚为佐。"
    },
    {
        "id": "194",
        "tg": "丁",
        "dz": "未",
        "content": "以甲木化壬引丁为用,用甲不能无庚,取庚为佐。"
    },
    {
        "id": "195",
        "tg": "戊",
        "dz": "未",
        "content": "调候为急,癸不可缺,次用丙火,土重不能无甲。"
    },
    {
        "id": "196",
        "tg": "己",
        "dz": "未",
        "content": "调候不能无癸,土润不能无丙。"
    },
    {
        "id": "197",
        "tg": "庚",
        "dz": "未",
        "content": "若支成土局,甲先丁后。"
    },
    {
        "id": "198",
        "tg": "辛",
        "dz": "未",
        "content": "先用壬水,取庚为佐,忌戊出,得甲制之,方吉。"
    },
    {
        "id": "199",
        "tg": "壬",
        "dz": "未",
        "content": "以辛金发水源,甲木疏土。"
    },
    {
        "id": "200",
        "tg": "癸",
        "dz": "未",
        "content": "上半月金神衰弱,火气炎热,宜比劫帮身,同五月。下半月无比劫亦可。"
    },
    {
        "id": "201",
        "tg": "甲",
        "dz": "申",
        "content": "先用庚,再取丁,为伤官制杀,无丁用壬,富而不贵。"
    },
    {
        "id": "202",
        "tg": "乙",
        "dz": "申",
        "content": "月垣庚金司令,取丙火制之,或癸水化之。不论用丙用癸,皆己土为佐。"
    },
    {
        "id": "203",
        "tg": "丙",
        "dz": "申",
        "content": "壬水通根申宫,壬多必取戊制。"
    },
    {
        "id": "204",
        "tg": "丁",
        "dz": "申",
        "content": "庚取劈甲,无甲用乙。用丙暖金晒甲,无庚甲而用乙者,见丙为枯草引灯。水旺\r\n用戊。"
    },
    {
        "id": "205",
        "tg": "戊",
        "dz": "申",
        "content": "寒气渐增,先用丙火,后用癸水。水多,用甲泄之。"
    },
    {
        "id": "206",
        "tg": "己",
        "dz": "申",
        "content": "丙火温土,癸水润土。七月庚金司令,丙能制金,癸能泄金。"
    },
    {
        "id": "207",
        "tg": "庚",
        "dz": "申",
        "content": "专用丁火,以甲引丁。"
    },
    {
        "id": "208",
        "tg": "辛",
        "dz": "申",
        "content": "壬水为尊,甲戊酌用。不可用癸水。"
    },
    {
        "id": "209",
        "tg": "壬",
        "dz": "申",
        "content": "取丁火佐戊制庚,戊土通根辰戌,丁火通根午戌,方可为用。"
    },
    {
        "id": "210",
        "tg": "癸",
        "dz": "申",
        "content": "庚金得禄,必丁火制金为用,丁火以通根午戌未为妙。"
    },
    {
        "id": "211",
        "tg": "甲",
        "dz": "酉",
        "content": "用丁制杀,用丙调候,丁丙并用为佐。"
    },
    {
        "id": "212",
        "tg": "乙",
        "dz": "酉",
        "content": "上半月癸先丙后,下半月用丙先癸后,无癸用壬。"
    },
    {
        "id": "213",
        "tg": "丙",
        "dz": "酉",
        "content": "四柱多丙,一壬高透为奇。无壬为癸。"
    },
    {
        "id": "214",
        "tg": "丁",
        "dz": "酉",
        "content": "庚取劈甲,无甲用乙。用丙暖金晒甲,无庚甲而用乙者,见丙为枯草引灯。水旺\r\n用戊。"
    },
    {
        "id": "215",
        "tg": "戊",
        "dz": "酉",
        "content": "赖丙照暖,喜水滋润。"
    },
    {
        "id": "216",
        "tg": "己",
        "dz": "酉",
        "content": "取辛辅癸。"
    },
    {
        "id": "217",
        "tg": "庚",
        "dz": "酉",
        "content": "用丁火煅金,兼用丙火调候。"
    },
    {
        "id": "218",
        "tg": "辛",
        "dz": "酉",
        "content": "壬水淘洗,如见戊己,须甲制土。支成金局,无壬,须用丁火。"
    },
    {
        "id": "219",
        "tg": "壬",
        "dz": "酉",
        "content": "无甲,用金发水之源,名独水犯庚辛,体全之义。"
    },
    {
        "id": "220",
        "tg": "癸",
        "dz": "酉",
        "content": "辛金为用,丙火佐之,名水暖金温,须隔位同透为妙。"
    },
    {
        "id": "221",
        "tg": "甲",
        "dz": "戌",
        "content": "土旺者用甲木,木旺者用庚金,丁壬癸为佐。"
    },
    {
        "id": "222",
        "tg": "乙",
        "dz": "戌",
        "content": "以金发水之源。见甲,名藤萝系甲。"
    },
    {
        "id": "223",
        "tg": "丙",
        "dz": "戌",
        "content": "忌土晦光,先取甲疏土,次用壬水。"
    },
    {
        "id": "224",
        "tg": "丁",
        "dz": "戌",
        "content": "一派戊土无甲,为伤官尽。"
    },
    {
        "id": "225",
        "tg": "戊",
        "dz": "戌",
        "content": "戊土当权,先用甲木,次取丙火。见金,先用癸水,后取丙火。"
    },
    {
        "id": "226",
        "tg": "己",
        "dz": "戌",
        "content": "九月土盛,宜甲木疏之,次用丙癸。"
    },
    {
        "id": "227",
        "tg": "庚",
        "dz": "戌",
        "content": "土厚先用甲疏,次用壬洗。"
    },
    {
        "id": "228",
        "tg": "辛",
        "dz": "戌",
        "content": "九月辛金,火土为病,水木为用。"
    },
    {
        "id": "229",
        "tg": "壬",
        "dz": "戌",
        "content": "以甲制戌中戊土,丙火为佐。"
    },
    {
        "id": "230",
        "tg": "癸",
        "dz": "戌",
        "content": "专用辛金,忌戊土,要比劫兹甲制戊方妙。"
    },
    {
        "id": "231",
        "tg": "甲",
        "dz": "亥",
        "content": "用庚金,取丁火制之,丙火调候。水旺用戊。"
    },
    {
        "id": "232",
        "tg": "乙",
        "dz": "亥",
        "content": "乙木向阳,专用丙火,水多以戊为佐。"
    },
    {
        "id": "233",
        "tg": "丙",
        "dz": "亥",
        "content": "月垣壬水秉令,水旺用甲木化之。身杀两旺,用戊制之。火旺用壬,木旺宜庚。"
    },
    {
        "id": "234",
        "tg": "丁",
        "dz": "亥",
        "content": "庚金劈甲引丁,甲木为尊,庚金为佐。戊癸权宜取用。"
    },
    {
        "id": "235",
        "tg": "戊",
        "dz": "亥",
        "content": "非甲不灵,非丙不暖。"
    },
    {
        "id": "236",
        "tg": "己",
        "dz": "亥",
        "content": "三冬己土,非丙暖不生。初冬壬旺,取戊土制之,土多,取甲木疏之。"
    },
    {
        "id": "237",
        "tg": "庚",
        "dz": "亥",
        "content": "水冷金寒爱丙丁,甲木辅丁。"
    },
    {
        "id": "238",
        "tg": "辛",
        "dz": "亥",
        "content": "先壬后丙,名金白水清,余皆酌用。"
    },
    {
        "id": "239",
        "tg": "壬",
        "dz": "亥",
        "content": "若甲出制戊,须以庚金为救。"
    },
    {
        "id": "240",
        "tg": "癸",
        "dz": "亥",
        "content": "亥中甲木长生,泄散元神,宜用庚辛。水多用戊,金多用丁。"
    }
]