[
    {
        "id": "1",
        "nn": "0",
        "1": "正",
        "2": "逐",
        "3": "背",
        "4": "耗",
        "5": "困",
        "6": "天",
        "7": "向",
        "8": "煞",
        "9": "才",
        "10": "旺",
        "11": "暗",
        "12": "病"
    },
    {
        "id": "2",
        "nn": "1",
        "1": "病",
        "2": "正",
        "3": "逐",
        "4": "背",
        "5": "耗",
        "6": "困",
        "7": "天",
        "8": "向",
        "9": "煞",
        "10": "才",
        "11": "旺",
        "12": "暗"
    },
    {
        "id": "3",
        "nn": "2",
        "1": "暗",
        "2": "病",
        "3": "正",
        "4": "逐",
        "5": "背",
        "6": "耗",
        "7": "困",
        "8": "天",
        "9": "向",
        "10": "煞",
        "11": "才",
        "12": "旺"
    },
    {
        "id": "4",
        "nn": "3",
        "1": "旺",
        "2": "暗",
        "3": "病",
        "4": "正",
        "5": "逐",
        "6": "背",
        "7": "耗",
        "8": "困",
        "9": "天",
        "10": "向",
        "11": "煞",
        "12": "才"
    },
    {
        "id": "5",
        "nn": "4",
        "1": "向",
        "2": "煞",
        "3": "才",
        "4": "旺",
        "5": "暗",
        "6": "病",
        "7": "正",
        "8": "逐",
        "9": "背",
        "10": "耗",
        "11": "困",
        "12": "天"
    },
    {
        "id": "6",
        "nn": "5",
        "1": "天",
        "2": "向",
        "3": "煞",
        "4": "才",
        "5": "旺",
        "6": "暗",
        "7": "病",
        "8": "正",
        "9": "逐",
        "10": "背",
        "11": "耗",
        "12": "困"
    },
    {
        "id": "7",
        "nn": "6",
        "1": "困",
        "2": "天",
        "3": "向",
        "4": "煞",
        "5": "才",
        "6": "旺",
        "7": "暗",
        "8": "病",
        "9": "正",
        "10": "逐",
        "11": "背",
        "12": "耗"
    },
    {
        "id": "8",
        "nn": "7",
        "1": "耗",
        "2": "困",
        "3": "天",
        "4": "向",
        "5": "煞",
        "6": "才",
        "7": "旺",
        "8": "暗",
        "9": "病",
        "10": "正",
        "11": "逐",
        "12": "背"
    },
    {
        "id": "9",
        "nn": "8",
        "1": "背",
        "2": "耗",
        "3": "困",
        "4": "天",
        "5": "向",
        "6": "煞",
        "7": "才",
        "8": "旺",
        "9": "暗",
        "10": "病",
        "11": "正",
        "12": "逐"
    },
    {
        "id": "10",
        "nn": "9",
        "1": "逐",
        "2": "背",
        "3": "耗",
        "4": "困",
        "5": "天",
        "6": "向",
        "7": "煞",
        "8": "才",
        "9": "旺",
        "10": "暗",
        "11": "病",
        "12": "正"
    }
]