[
    {
        "num": "1",
        "intro": "皇宫贵族"
    },
    {
        "num": "2",
        "intro": "非汉人（特征：有些方面的习惯会跟身边的人不太一样）"
    },
    {
        "num": "3",
        "intro": "有钱人"
    },
    {
        "num": "4",
        "intro": "读书人"
    },
    {
        "num": "5",
        "intro": "武将"
    },
    {
        "num": "6",
        "intro": "非人类"
    },
    {
        "num": "7",
        "intro": "三级贫户"
    },
    {
        "num": "8",
        "intro": "优（特征：肢体动作丰富，具表演天分）"
    },
    {
        "num": "9",
        "intro": "出家人"
    }
]