[
    {
        "id": "1",
        "wh": "水",
        "sj": "秋",
        "sjrs": "必须有金相助，忌土、金、水多，喜木、火"
    },
    {
        "id": "2",
        "wh": "金",
        "sj": "冬",
        "sjrs": "必须有火、土相助，忌无火、土反而有金、水，忌木多而无火"
    },
    {
        "id": "3",
        "wh": "金",
        "sj": "春",
        "sjrs": "喜有土、火，最忌没有土、金"
    },
    {
        "id": "4",
        "wh": "金",
        "sj": "夏",
        "sjrs": "必须有水相助，忌木多"
    },
    {
        "id": "5",
        "wh": "金",
        "sj": "秋",
        "sjrs": "喜有木、火，忌土多"
    },
    {
        "id": "6",
        "wh": "土",
        "sj": "秋",
        "sjrs": "喜有火，有木，忌金、水多"
    },
    {
        "id": "7",
        "wh": "木",
        "sj": "秋",
        "sjrs": "必须有金相助，但忌金太多，须有土、火才好，但忌水多"
    },
    {
        "id": "8",
        "wh": "火",
        "sj": "秋",
        "sjrs": "喜有木，忌水、土多"
    },
    {
        "id": "9",
        "wh": "火",
        "sj": "春",
        "sjrs": "此时必为丙火或丁火，大都不错，但忌木多、土多"
    },
    {
        "id": "10",
        "wh": "土",
        "sj": "春",
        "sjrs": "喜有火、木，喜有金而少，忌金多、木多"
    },
    {
        "id": "11",
        "wh": "水",
        "sj": "春",
        "sjrs": "必须有土相助，若有火，金，但忌金多"
    },
    {
        "id": "12",
        "wh": "木",
        "sj": "春",
        "sjrs": "必须有火助，有水更好，但忌水太多，也忌土太多"
    },
    {
        "id": "13",
        "wh": "木",
        "sj": "冬",
        "sjrs": "必须有火相助，最好有土、水"
    },
    {
        "id": "14",
        "wh": "火",
        "sj": "冬",
        "sjrs": "必须有木相助，忌有水与金多，喜有土、水、木"
    },
    {
        "id": "15",
        "wh": "土",
        "sj": "冬",
        "sjrs": "喜有火，更喜有火又有金，喜有土、木"
    },
    {
        "id": "16",
        "wh": "水",
        "sj": "冬",
        "sjrs": "必须有火相助，喜水多，但忌金多"
    },
    {
        "id": "17",
        "wh": "水",
        "sj": "夏",
        "sjrs": "必须有金相助，忌木多"
    },
    {
        "id": "18",
        "wh": "火",
        "sj": "夏",
        "sjrs": "必须有水相助，最喜有金"
    },
    {
        "id": "19",
        "wh": "木",
        "sj": "夏",
        "sjrs": "必须有水相助，忌土太多，也忌木太多"
    },
    {
        "id": "20",
        "wh": "土",
        "sj": "夏",
        "sjrs": "喜有水、金，忌有木"
    }
]