[
    {
        "id": "1",
        "nn": "18",
        "1": "女",
        "2": "男",
        "3": "女",
        "4": "男",
        "5": "男",
        "6": "男",
        "7": "男",
        "8": "男",
        "9": "男",
        "10": "男",
        "11": "男",
        "12": "男"
    },
    {
        "id": "2",
        "nn": "19",
        "1": "男",
        "2": "女",
        "3": "男",
        "4": "女",
        "5": "女",
        "6": "男",
        "7": "男",
        "8": "男",
        "9": "男",
        "10": "男",
        "11": "女",
        "12": "女"
    },
    {
        "id": "3",
        "nn": "20",
        "1": "女",
        "2": "男",
        "3": "女",
        "4": "男",
        "5": "男",
        "6": "男",
        "7": "男",
        "8": "男",
        "9": "男",
        "10": "女",
        "11": "男",
        "12": "男"
    },
    {
        "id": "4",
        "nn": "21",
        "1": "男",
        "2": "女",
        "3": "女",
        "4": "女",
        "5": "女",
        "6": "女",
        "7": "女",
        "8": "女",
        "9": "女",
        "10": "女",
        "11": "女",
        "12": "女"
    },
    {
        "id": "5",
        "nn": "22",
        "1": "女",
        "2": "男",
        "3": "男",
        "4": "女",
        "5": "男",
        "6": "女",
        "7": "女",
        "8": "男",
        "9": "女",
        "10": "女",
        "11": "女",
        "12": "女"
    },
    {
        "id": "6",
        "nn": "23",
        "1": "男",
        "2": "男",
        "3": "女",
        "4": "男",
        "5": "男",
        "6": "男",
        "7": "男",
        "8": "男",
        "9": "男",
        "10": "男",
        "11": "男",
        "12": "女"
    },
    {
        "id": "7",
        "nn": "24",
        "1": "男",
        "2": "女",
        "3": "男",
        "4": "男",
        "5": "女",
        "6": "男",
        "7": "男",
        "8": "女",
        "9": "女",
        "10": "女",
        "11": "女",
        "12": "女"
    },
    {
        "id": "8",
        "nn": "25",
        "1": "女",
        "2": "男",
        "3": "男",
        "4": "女",
        "5": "女",
        "6": "男",
        "7": "女",
        "8": "男",
        "9": "男",
        "10": "男",
        "11": "男",
        "12": "男"
    },
    {
        "id": "9",
        "nn": "26",
        "1": "男",
        "2": "女",
        "3": "男",
        "4": "女",
        "5": "女",
        "6": "男",
        "7": "女",
        "8": "男",
        "9": "女",
        "10": "女",
        "11": "女",
        "12": "女"
    },
    {
        "id": "11",
        "nn": "27",
        "1": "女",
        "2": "男",
        "3": "女",
        "4": "男",
        "5": "女",
        "6": "女",
        "7": "男",
        "8": "男",
        "9": "男",
        "10": "男",
        "11": "女",
        "12": "男"
    },
    {
        "id": "12",
        "nn": "28",
        "1": "男",
        "2": "女",
        "3": "男",
        "4": "女",
        "5": "女",
        "6": "女",
        "7": "男",
        "8": "男",
        "9": "男",
        "10": "男",
        "11": "女",
        "12": "女"
    },
    {
        "id": "13",
        "nn": "29",
        "1": "女",
        "2": "男",
        "3": "女",
        "4": "女",
        "5": "女",
        "6": "男",
        "7": "男",
        "8": "男",
        "9": "男",
        "10": "女",
        "11": "女",
        "12": "女"
    },
    {
        "id": "14",
        "nn": "30",
        "1": "男",
        "2": "女",
        "3": "女",
        "4": "女",
        "5": "女",
        "6": "女",
        "7": "女",
        "8": "女",
        "9": "女",
        "10": "女",
        "11": "男",
        "12": "男"
    },
    {
        "id": "15",
        "nn": "31",
        "1": "男",
        "2": "女",
        "3": "男",
        "4": "女",
        "5": "女",
        "6": "女",
        "7": "女",
        "8": "女",
        "9": "女",
        "10": "女",
        "11": "女",
        "12": "男"
    },
    {
        "id": "16",
        "nn": "32",
        "1": "男",
        "2": "女",
        "3": "男",
        "4": "女",
        "5": "女",
        "6": "女",
        "7": "女",
        "8": "女",
        "9": "女",
        "10": "女",
        "11": "女",
        "12": "男"
    },
    {
        "id": "17",
        "nn": "33",
        "1": "女",
        "2": "男",
        "3": "女",
        "4": "男",
        "5": "女",
        "6": "女",
        "7": "女",
        "8": "男",
        "9": "女",
        "10": "女",
        "11": "女",
        "12": "男"
    },
    {
        "id": "18",
        "nn": "34",
        "1": "男",
        "2": "女",
        "3": "男",
        "4": "女",
        "5": "女",
        "6": "女",
        "7": "女",
        "8": "女",
        "9": "女",
        "10": "女",
        "11": "男",
        "12": "男"
    },
    {
        "id": "19",
        "nn": "35",
        "1": "男",
        "2": "男",
        "3": "女",
        "4": "男",
        "5": "女",
        "6": "女",
        "7": "女",
        "8": "男",
        "9": "女",
        "10": "女",
        "11": "男",
        "12": "男"
    },
    {
        "id": "20",
        "nn": "36",
        "1": "女",
        "2": "男",
        "3": "男",
        "4": "女",
        "5": "男",
        "6": "女",
        "7": "女",
        "8": "女",
        "9": "男",
        "10": "男",
        "11": "男",
        "12": "男"
    },
    {
        "id": "21",
        "nn": "37",
        "1": "男",
        "2": "女",
        "3": "男",
        "4": "男",
        "5": "女",
        "6": "男",
        "7": "女",
        "8": "男",
        "9": "男",
        "10": "男",
        "11": "男",
        "12": "男"
    },
    {
        "id": "22",
        "nn": "38",
        "1": "女",
        "2": "男",
        "3": "女",
        "4": "男",
        "5": "男",
        "6": "女",
        "7": "男",
        "8": "女",
        "9": "男",
        "10": "女",
        "11": "男",
        "12": "女"
    },
    {
        "id": "23",
        "nn": "39",
        "1": "男",
        "2": "女",
        "3": "男",
        "4": "男",
        "5": "男",
        "6": "女",
        "7": "女",
        "8": "男",
        "9": "女",
        "10": "男",
        "11": "女",
        "12": "女"
    },
    {
        "id": "24",
        "nn": "40",
        "1": "女",
        "2": "男",
        "3": "女",
        "4": "男",
        "5": "女",
        "6": "男",
        "7": "男",
        "8": "女",
        "9": "男",
        "10": "女",
        "11": "男",
        "12": "女"
    },
    {
        "id": "25",
        "nn": "41",
        "1": "男",
        "2": "女",
        "3": "男",
        "4": "女",
        "5": "男",
        "6": "女",
        "7": "男",
        "8": "女",
        "9": "男",
        "10": "男",
        "11": "女",
        "12": "男"
    },
    {
        "id": "26",
        "nn": "42",
        "1": "女",
        "2": "男",
        "3": "女",
        "4": "男",
        "5": "女",
        "6": "男",
        "7": "女",
        "8": "男",
        "9": "男",
        "10": "女",
        "11": "男",
        "12": "女"
    },
    {
        "id": "27",
        "nn": "43",
        "1": "男",
        "2": "女",
        "3": "男",
        "4": "女",
        "5": "男",
        "6": "女",
        "7": "男",
        "8": "女",
        "9": "男",
        "10": "男",
        "11": "男",
        "12": "男"
    },
    {
        "id": "28",
        "nn": "44",
        "1": "男",
        "2": "男",
        "3": "女",
        "4": "男",
        "5": "男",
        "6": "男",
        "7": "女",
        "8": "男",
        "9": "女",
        "10": "男",
        "11": "女",
        "12": "女"
    },
    {
        "id": "29",
        "nn": "45",
        "1": "女",
        "2": "男",
        "3": "男",
        "4": "女",
        "5": "女",
        "6": "女",
        "7": "男",
        "8": "女",
        "9": "男",
        "10": "女",
        "11": "男",
        "12": "男"
    }
]