[
    {
        "id": "1",
        "tg": "甲",
        "dz": "子"
    },
    {
        "id": "2",
        "tg": "乙",
        "dz": "丑"
    },
    {
        "id": "3",
        "tg": "丙",
        "dz": "寅"
    },
    {
        "id": "4",
        "tg": "丁",
        "dz": "卯"
    },
    {
        "id": "5",
        "tg": "戊",
        "dz": "辰"
    },
    {
        "id": "6",
        "tg": "己",
        "dz": "巳"
    },
    {
        "id": "7",
        "tg": "庚",
        "dz": "午"
    },
    {
        "id": "8",
        "tg": "辛",
        "dz": "未"
    },
    {
        "id": "9",
        "tg": "壬",
        "dz": "申"
    },
    {
        "id": "10",
        "tg": "癸",
        "dz": "酉"
    },
    {
        "id": "11",
        "tg": "",
        "dz": "戌"
    },
    {
        "id": "12",
        "tg": "",
        "dz": "亥"
    }
]