[
    {
        "type": "o",
        "content": "<p>o型人年少时比较温顺，但随着年龄的增长，他们会积极地呈现出强烈的自我主张 和自我表现，甚至成为非常有魄力的人。O型人从小至老的变化是最大的，往往是少年 温顺，老来强硬。\r\n<p>O型人的处世态度有三种：好与人进行力量的对比、对于善恶敏感、重信用讲友情。\r\n<p>型人对不明其底细和不甚了解其意图的人的警惕心比普通人高一倍，不，应该说 是五倍。常听到一些初搞血型调查工作的人抱怨：“这差使真不想干了，每次向O型人 调查血型，他们总要刨根问底地追问：‘为什么要问我的血型？’‘你搜集血型资料派 什么用？’他们都不太愿意报自己的血型”。\r\n<p>相识的人，O型人则十分注意对方的态度是友好的，还是敌意的，而且这方面的 感觉特别灵敏。尤其是在公共场合发表观点时，他对赞成和反对他的人都十分注意。\r\n<p>O型人若认为对方是可以信赖的朋友时，其态度会出现一百八十度的变化：直爽开 朗，亲切随和；热情主动的关照，虽带有强加于人的色彩，却充满人情的温暖。前面提 到过的心灵爱抚也会充分表现出来；还喜欢全家交际。可以说，最值得结交的朋友莫过 于O型人了。反之，若认定对方是敌人的话，O型人的反应也是够强烈的。\r\n<p>O型人对弱小者表现为豁达大度，而对大大强于自己的人，则会出人意外地无条件 服从之，可是，遇上势均力敌者，又有好较高低的一面。O型人最厌恶论资排辈，不愿 屈从于徒有虚名而无真才实学的位尊者。\r\n<p>O型人的爱：\r\n<p>有稳重恬静的和炽烈燃烧的两种。就如火，也有不同，有的象炭火一样呼啦呼啦冒 着火苗，有的只泛泛红光。静态的爱和炽烈的爱，它们的特点和倾向往往截然相反。这 也许就叫做爱的两重性吧。\r\n<p>O型人的恬静爱是以注重现实为基础的。它的基调是：男性一般表现为希望女方依 附于自己的保护爱；女性则希望嫁一个强有力的男人，表现为“大树底下乘凉”的依附 爱。这种爱也可能发展为占有爱。因此，他(她)们希望找到聪明能干的对象。不知不觉 地计算着要找一个有一技之长有生活能力的男子，或者可靠的女性。\r\n<p>有的O型人追求浪漫主义的爱情，陶醉于情书频递，细语绵绵，以至于忘却了自己 这个O型人是注重现实的。所以一当要办婚事，或进入婚后共同生活阶段，看到了一些 出乎意外的侧面，便六神无主了。\r\n<p>O型人的另一个特点是，过分地相信自己的眼力，总认为自己选定的对象是无可指 责的。所以，一般不为他人劝说所动。反过来，别人提醒他注意，只要是关于男女关系 的问题，常常连听都不听。\r\n<p>O型人一见钟情\r\n<p>O型人容易燃起炽烈的爱之火。恋爱剧里往往少不了O型人物，否则难以成戏。那 么，O型人的爱是怎样燃烧起来的呢？\r\n<p>奇怪的是，O型人中“一见钟情”者特别多，这一点与他们注重对方能力是矛盾 的；不知是由于人的两重性之故，还是因为O型对自己的观察力抱有信心，能在一瞬间 洞察对方的一切？\r\n<p>O型人的爱与其说是产生于与对方的交谈，不如说大多触发于偶然事件，一下子燃 起爱之火焰，如对方替自己送来遗忘的物品啦，或者是与对方一起陷入某个困境啦等 等。这些偶发事件都可能成为点燃O型人心中火焰的起端。O型人爱的基本条件是信任 感，可以说这是通过行动不难获得的。O型人的心中火焰一经点燃，便灿烂生辉，火势 最旺，我将O型人的爱情烈焰比作石油之火，一点就着是它们共同的特点。\r\n<p>O型人的爱情烈焰不仅灿烂绚丽，而且具有专一性。他们能将火力集中于一下目 标，大有不将对方烧化决不罢休之势，这一点也使人联想到石油燃烧器。他们目的性 强，怎么想便怎么做，所以在爱情舞台上也显示出直接式的特点。在各种血型中，获得 爱情能力最强的当首推O型人。\r\n<p>O型人的爱，跟石油燃烧器一样，不会有连烧其它之意外。我们常常可以看到热恋 中的O型人总是严格地将自己的日常生活限制在最小范围里。生活上的顽强精神，不沾 三拈四也是O型人的一大特点。\r\n<p>不过一旦遇上对手，强烈的竞争意识也会使O型人生活出现混乱。对本来并不十分 喜欢的对象也紧追不舍，就发生在这种情况下。\r\n<p>失恋的O型人往往会苦恼一阵。不过当他们知道已完全没希望时，却会出人意外地 坦然处之。这一点也有些象关上阀站，就会自行熄火的石油燃烧器。\r\n<p>易燃烧、易熄灭\r\n<p>关于性的调查和资料现在尚少。完整地掌握精确而又符合实际的资料也许还需要一 个世纪以上的时间。尽管如此，人们通过一个时期的观察和通信调查，弄清了一些大致 的倾向。\r\n<p>O型人好将爱的心情与性关系直接联系起来，是名符其实的**。当然O型的妓女那种 如同排泄似的性关系另当别论，那只是一个女性谋生的手段罢了。不过，一般地说O型 人对性关系——无论是夫妇间的还是短期的姘居，都怀有交流爱情的意识。\r\n<p>热恋中，将爱的情感直付性行为的以O型人为多。可是，值得注意的是，O型人爱的 火焰有时会随交媾的告终而熄灭。所以与O型男朋友的婚前性关系，还是小心为妙。\r\n<p>粗看起来，O型人中好色者似乎较多，热衷于讲色情话。使人意外的是这些人嘴里 虽然常常浪言浪语，但其情欲却并不是这么持久不衰。他们有时欲念特别强烈；有时却 处于完全无欲的状态，时间上阶段分明。对夫妇间的生活、O型人给人的印象甚至是冷 淡的。虽受爱情占欲的驱策，有时会不能自拔，但沉湎于床第之欢者似乎很少。\r\n<p>在交媾动作方面，O型人似有只顾自己的倾向。部分调查资料反映时间过短。这种 情况是否具有一般性，尚不清楚。\r\n<p>O型人中有少数人，也许是童年时受过迫害，或有自卑心理体验，以致爱的火焰难 以点燃。这是例外。这小部分人走向反面时，有纵欲之虞。"
    },
    {
        "type": "a",
        "content": "<p>A型人小时候比较任性，年轻时性格果断刚毅，时时处处要强。走向社会后，随着年龄的增长和社会经验的积累，他们开始克制自己的情绪，表现出稳重谦虚的态度，容 易成为不愿过份表现自己的谨慎派。A型人在老年时，则显得很固执。\r\n<p>A型人的处世态度：待人接物细心谨慎，避免伤害他人的感情，也不给对方或周围 的人带来不愉快。有克制自己，积极为人服务的一面和不肯轻易相信人——说得坏一点 就是多疑的特点。我们可以把这看作是A型人的两重性之一。\r\n<p>与A型人初次见面，一般都觉得他们和蔼可亲；但是令人难耐的是，接触了多次， 他们的态度仍象初见面时那样，不说一句心里话。正因为如此，A型人的内心想与人交 往的愿望比一般人强烈得多，但他们的这种愿望一般不外露；强烈的自尊心才是A型人 的招牌。被人小看对A型人来说是莫大的侮辱，往往会因此而恼羞成怒；但反过来，也 有不少A型人好嘲弄别人……。\r\n<p>A型人的优点是待人诚实，不轻口许诺，一旦应诺会全力以赴，决不失信。从这一 点来说，A型人是可以信赖的相处共事的合作者。但另一方面，我觉得他们在与人交往 中有过分区别对待的倾向，自己人与外面人，本公司与他公司的人，他们划得一清二楚。\r\n<p>不过，A型人对为数不多的知心朋友是很重信义的。一旦结成莫逆，他就会无微不 至地关心对方，情真意切，感人肺腑。\r\n<p>A型人的爱：A型人爱的两重性也是十分显著的。\r\n<p>在A型人对对方的爱的表示，一般不轻易作出反应，更不会贸然敞开心扉表示接 受。对自己喜欢的人也会多次反复。A型人在恋爱问题上最为小心谨慎，以提防看对 象，受骗上当。还有一点，A型人自尊心很强，所以遭拒绝被抛弃，对他们来说是难以 经受的。\r\n<p>在择偶上，A型人一般不是很注重外貌的，也不象O型人那么重视对方的聪明才智。 因为他们最怕受骗，所以首先考虑的是“安全感”，希望自己信得过的生活伴侣。他们 一般喜欢诚实，单纯、直率的性格。爱寻找不使自己费神、精神上能得到快慰的人。A 型人不论男女似乎都有选择傻乎乎的人作爱人的现象。并不是他们有所偏爱而专门物色 傻乎乎的人而是因为他们的择偶先决条件是，宁要日后的平衡生活，也不要头脑灵活反 应敏感的爱人。而与此似有矛盾的是，一旦遇上能理解自己的人他们会立即倾心。这是 因为A型人希望自己尽善尽美，是完美主义者，他们常为别人对自己的偏见和不正确评 价而苦恼。世界上最难的是理解人。在这方面过份敏感，就没有心静之时。正因为如此 当A型人一旦认为对方是能理解自己的人时，他们的心立刻就会被吸引过去。\r\n　<p>　近来的恋爱倾向是，男女方都要求对方温柔体贴；而A型人尤甚。这是因为温柔、 体贴一般被看作是理解的象征。和具有这种秉性的人共同生活心安神逸，既可保持自尊 的心理，又能依赖于对方。\r\n　<p>　一般说，A型人的爱是以稳步渐进的形式发展的恋爱过程中，没有O型人那种热烈的 爱的表示。他们注重感情的自然流露，喜欢通过约会，在拉家常中披露对对方的关心和 爱护。A型人讲究恋爱的气氛和情绪，喜欢在隐蔽的场所幽会，不过，他们不会因此而 轻易冲动起来。在幽静宜人的环境里，交流感情，加深了解，逐步地巩固相互间的爱； 激动的时候，偶尔也会有亲昵的表示。\r\n<p>A型人好痴情\r\n<p>A型人的爱若燃成熊熊烈焰，其面貌会变得与恬静爱时完全不同。\r\n<p>与O型人的石油火相反，我将A型人的爱情火焰比作煤火。比起石油来，煤着火慢， 通常是静静地燃烧的。我们小时候，冬天最留恋的是教室里的煤火炉。课间休息时，同 学们围着火炉一边烘手一边聊天，暖呼呼的，那气氛有点象A型人的爱。记得有几次因 煤加得过多，熊熊的炉火竟将炉体也烧得通红。碰上蹩脚的炉子，早烧化掉了。\r\n<p>A型人的爱一旦喷发出烈焰，其火力远远超过石油燃烧，有烧毁自己的生活，烧毁 一切的危险。\r\n<p>“非他(她)不嫁(娶)”，痴情之恋，便是A型人恋爱之写照。\r\n<p>陷入热恋中的A型人，在他(她)们眼里，对方的一句话、一个动作都是美好的，什 么都从好的方面去理解，对方的缺陷或坏的地方全然不见，成了名副其实的盲目之恋。\r\n<p>为什么会这样的呢？原因之一恐怕是前面提到的乞求理解之心。在得不到他人理解 而郁郁寡欢之时，突然觉得有人同情自己，A型人便会一往情深，相逢恨晚。有时仅仅 觉得对方可能是自己的同情者，他们也会一下子燃起感情的火焰。这种心情在A型人之 间较易产生。\r\n<p>另一个原因是，A型人对具有(或者可能具有)自己所没有的东西的人，怀有崇拜 心，这样的人对他们具有很强的吸引力。这可能也是由于尽善尽美的愿望不能如愿以 偿，产生可怜的急切心情吧。他们往往抱着强烈的自尊心去矫正自己的行为，不想陷入 了另一种心境。这时，他们晕头转向，前后不辨，有时会双双私奔，还可能发生一同殉 情的恋爱悲剧。A型人同其他血型，特别是A型人与B型人之间容易发生此类事件。\r\n<p>看似正经，实际爱追求异性\r\n<p>在性关系方面，A型人也是偏于克制的。虽然也有人出于A型人的服务意识，说些春 话但听上去有点别扭，笨拙，旁边人也为之难堪。\r\n<p>然而，人认为心底里对性关系最感兴趣的是A型人。也许可以送他们一个绰号，叫 “沉默寡言的好色者”——这话太刻薄了点。不少A型人酒后失去控制，会变得十分猥 劣，与平常相比，判若两人。有的喜欢同妓女胡调，我听说的，这些人在搞两性关系方 面也花了大量的时间。\r\n<p>不过，能任意寻欢作乐的A型人毕竟还是少数。因为A型人总要考虑社会和世俗的忌 讳、龉龃感、疾病、别人看法、妊娠之忧等。因此，A型人中为人正派者也是不乏其人的。\r\n<p>不过在这方面A型人好象还是有其两重性的。对钟情于自己的对象，A型人就会严肃 地考虑性的问题。并诚实地处理之。也就是说他们把性的关系看作爱的证明和保证，对 性关系负责；同时也要求对方负责。与A型对象的婚前性关系往往会进一步加强爱的纽 带，成为促成爱的契机，这种现象并不鲜见。\r\n<p>重视交媾情绪也以A型人为甚。交欢时十注意对方的反应，受服务意识的支配，一 般很少有单方面行动(幼稚期例外)。只是A型人不善于性方面的交谈，特别是女性，碍 于自尊心，不会主动提出性的要求。因此而产生性不自由感和不幸感的人也不少。\r\n\r\n"
    },
    {
        "type": "b",
        "content": "B血型的性格：\r\n<p>B型人大都有一个天真浪漫的幼年期，随着年龄的增长，逐渐分成心直口快和不擅 交际应酬型两种倾向。B型人由于性格自幼倒老变化不大，相对来说会让人感到他们越 活越年轻。\r\n<p>B型人的处世态度：\r\n<p>与A型人相反，B型人中很多人常给人以冷漠简慢，不拘小节的印象。他们心直口 快，不讲虚礼，但缺乏亲切热情之感。其实，对谁都坦诚相见，一处就熟的倒是B型 人。\r\n<p>这不能称作两重性，这是因为他们生来不习惯于繁文缛节，也不擅礼尚往来。在婚 喜事场合，最为拘束的也是B型人。\r\n<p>不了解的人，看到B型人那简慢而又冷漠的态度会耽心其是否心怀歹意。可是接触 后会觉得很好相处。他们不计较小事，虽欠浪漫情怀，但心地善良，富有人情味。还有 的B型人常以行动表示自己对人的同情和理解，他们助人为乐到了近乎管闲事的程序。 难弄的倒是他们那好顶牛的脾气：你这么说，他偏那么说；不管别人的意见正确与否， 上来就放一通炮，说得又都是无关宏旨的东西……\r\n　<p>　B型的人爱与人相处，但与A型人有所不同。他们一般不愿积极配合别人，常常喜欢 自行其事。可是落了伍，或遭到抛弃，却特别焦急。人们都把B型人叫做“乖僻B”。从 调查情况看，不少B型人待人冷若冰霜，而内心却希望别人能热情相待自己。\r\n<p>B型人的爱：\r\n<p>B型者的爱与友爱十分相似两者较难区分。这是因为B型人很少有占有欲和保护或依 附的愿望；而这种欲望在男女之爱中通常是占中心位置的。\r\n<p>B型人喜欢与这样的人交朋友：健谈，对自己的谈话感兴趣，并能共鸣；还能适当 地给自己以刺激。具备这种条件的游伴也爱相处，既谈的投机，又有共同的兴趣爱好， 那就更投其意了。\r\n<p>仅这些条件的话，与交同性朋友就毫无二致了。所以还有一条：你可以隐约地感觉 到他们喜欢接触异性。对他们来说异性的完全不同于自己的言谈举止是带来愉悦的一种 刺激。此外，B型人有注重感觉的特点，所以喜欢欣赏异性朋友的容貌风姿和谈话的表 情语调。\r\n<p>B型人善于理解别人的立场和心情。对对方来说，B型人的这种与自己感情上的共 鸣、和谐和情心，是在其它血型那儿感受不到的“人情味”。\r\n<p>具有如此特点的B型人之爱，形态最为多样，说它象燃烧的火，倒不如将它比作暖 气之类的东西。B型人有羞于浪漫式谈清说爱的一面，所以虽能给对方以温暖，然而不 易喷发爱的火焰。\r\n<p>不过，随着与对方接触次数的增多，B型人的爱会渐渐地出现过热的现象。B型人的 爱的发展似乎与双方接触的时间、距离和频度等都是成正比例的，其爱的发热内容表现 为希望接触的时间更长，距离更近，次数更频繁。核心是接触欲望。为了实现这种欲 望，连平日里懒散的B型人也会突然向对方献起殷勤来。\r\n<p>B型人爱得执着 \r\n<p>B型人有一个如上所说的处于静态爱和燃烧爱之间的过热的阶段。这种热能适当散 发的话，不会出什么问题；可是，如果其接触欲望不能如愿，蓄热于内，就有突然喷发 烈焰的可能。到那时，已经是无法控制了。\r\n<p>我对B型人的爱的火焰的形容是：山火；不分时间、地方，一烧起来，火势就会向 四处蔓延。这不仅会搅乱本人的生活，甚至还要牵累周围的人。\r\n<p>自燃的山火，一般只是呼呼地冒烟，并不燃烧。可是一旦透了火，其势之烈可谓最 高。\r\n　　“山火”式的B型人在恋爱中常被人抛弃。原因之一是他们不会仔细分析原因、采 取对策，只会悉眉苦脸地露出一副可怜相。而更重要的原因是他们那暴躁的脾气把对方 吓跑了。\r\n<p>B型人的爱情之火为什么是这个样的呢？具体的原因不详。要是山火，有时一个 烟蒂也会引起一场山林大火灾。有把握说的只有一点，那就是B型人对同自己接触越 久，距离越近，次数越多的人，容易燃起爱之火。\r\n　<p>　感情与性欲并非一致\r\n　<p>　B型人的性行为中功能大于精神因素。换言之他们能自如地将性关系与爱情分开。 他们能够一面对张三燃烧山火一般的爱，一面在李四那儿搞性为以求得官能上的满足。\r\n　<p>　如果把A型人看作单纯的性关系对象的话，会损伤其自尊心；而B型人却不介意。而 且，B型人不太讲究气氛和情绪准备。不少B型人只要有性的快乐就行，也有的千方百计 地想作各种技巧性尝试。\r\n<p>另外，韧性子的B型人也有沉溺于性生活的，有的表现为某个时期里性生活无度。\r\n<p>不过，总的看来，B型人中好色的人是不多的。这是因为他们较为害羞；另外B型人 的兴趣较易偏向自然科学方面，也是一个原因。津津乐道于淫事亵情的B型人是不多见 的。\r\n<p>还有一点也应了解，B型人若一头扎进工作或爱好中，对性生活几乎不感兴趣。\r\n"
    },
    {
        "type": "ab",
        "content": "<p>AB型人大多小时候怕陌生人，很闭塞，但长大以后善交朋友，交际广泛。AB型人因 过于自信，容易自满，老年时给人感觉很傲慢。\r\n<p>AB型人的处世态度：\r\n<p>多数人童年时与成年后性格很不一致。小时候特别认生，与人接触时，表面看似乎 很安详，心里却十分害怕生人或大人。可是，到了青少年时期，会一改旧态，变得善与 人相处，而且能圆满地处理各种关系。所以不少人专事调解工作，成名者尤多。然而， AB型人在心理上与人的距离感是始终不变的。即便是对亲近的人，也保持一定距离。这 是AB型人感情淡薄的根源。\r\n<p>尽管如此，AB型人仍属热心人，办事虽无O型人那么积极主动，但一般不会拒绝别 人的请求。他们常常担任某些团体的联络人，为于已无利的事奔走忙碌。\r\n<p>AB型人还有一个优点，那就是对人绝对公平，他们不会搞宗派，这点是有别于O型 人的。不顺心时，特别会讲俏皮话。\r\n<p>AB型人中爱交际的人虽不少，但他们共同的特别是嫌恶世俗人情。\r\n<p>　　AB型人对人有强烈的好恶感，特别厌恶伪善和自私的人。不过，他们不直接表在自 己的这种感情，对自己所厌恶的人也能笑脸相迎。可以说这是AB型人的处世特技。AB型 人不喜欢与人相争，遇事不爱出头，是天生的温和主义者。\r\n<p>AB型人的爱：\r\n<p>AB型人好燃烧绚丽的爱情之火。这种爱往往带有戏剧味儿。但有点过于戏剧化了甚 至给人以“有意栽花”之感。那倒并非他们矫柔造作，而是本人向往追求这种爱。既有 合理而又显得冷酷无情的理性主义思想方法，又有爱好空想，想入非非的特点，这是AB 型人气质的重要的两重性。在爱情方面，他们往往要把自己比作恋爱剧中的主人公：悲 剧式的，或者秘密相爱式的。在这种情况下，说得过分些，对方是什么样的人，对他们 成为无关紧要的事，因为他(她)是自己虚构的恋爱剧的对方角色。如果他们的爱在现实 中陷入难以进展的境地，AB型的人的爱的感情便会充分抒发而大放光彩，恋爱悲剧会演 得淋淳尽致。\r\n<p>AB型人之爱戏剧味儿越深，越缺乏现实感，这是无可否认的。这种爱看起来如绚烂 多彩的圣歌会，其实就跟极光一样，是一种无燃烧源的光彩。正因为它是这样的爱之 火，所以因倾心于对方的外貌而起燃的现象似乎很多。那倒未必是他们以貌取人，不过 AB型人不论男女，对对方的外表评头品足的人是不少的。\r\n<p>不过，我们不能因此而断言这种绚烂多彩的爱就是AB型人之爱的本质。在很多情况 下，AB型的人的爱还是十分可靠的，即使有时如加调味品似的，出现戏剧情节……\r\n<p>AB型人经不起爱情挫折\r\n<p>AB型人求偶的心理中寻求保障的心情是十分强烈的。女性表现为希望得到各方面强 有力的(包括经济上)心胸豁达的男子的保护，以使自己有所依靠；男性希望自己的生活 伴侣是一个不会欺骗、背弃自己的绝对忠贞可靠的女子。\r\n<p>前面已经说过，AB型人的爱情特征是：好依赖对方，但不善于使对方依赖自己。这 与O型人两方面都施展自如适成对照。AB型人的这种特性出自追求有保障之爱的心理。 因此，AB型女子更显出女性的温柔而获好评；而男性那赫然闯入对方印象的粗犷形象使 一部分女性有美中不足之感。\r\n<p>AB型的人的恋爱关系，除沉浸于“极光”中的，一般都显得较为平淡，有时较之B 型人更象朋友关系。B型人想与自己所爱的一个人保持接触关系的愿望还是较强的。而 AB型人甚至对恋爱对象也喜欢以要好朋友的关系相处。\r\n<p>　在这样的相处关系中，AB型人不断观察对方；其观察目的是有别于O型人的。可能 会庸俗地摸对方经济能力的底。不过，观察的主要内容还是对方的人品；是否表里一 致？将来会不会背弃自己？这类问题即使相处三、五年也难摸透，要怀疑的话是没底 的，所以最后只得相信对方。理性主义化身的AB型人处理问题不凭直觉，始终追求合 理。\r\n<p>在婚恋问题上，愿意倾听朋友和周围意见的AB型人是很多的，特别是当他们碰上难 题，拿不定主意的时候。这一点也可以说与O型人完全相反。\r\n<p>AB型人进入情苑后与对方虽是平淡相处，但他们是最注重诚实的。在这方面的优柔 寡断也是AB型人爱的一大特色。\r\n<p>并非热烈的交际\r\n<p>AB型人极为嫌恶人们赤裸裸地表现自己的欲望——包括性欲。即便是在激光式的爱 放射绚丽光彩的时候，对方若表现出露骨的本能行为，AB型人也会立刻产生嫌恶情绪， 有的甚至会因恐惧而逃跑。\r\n<p>AB型人之本性就是对任何事都取冷静的态度，很少有沉溺于某一事物的现象。迄今 所见，在戒烟之类的事上，最不费事的也是AB型人。外在兴趣方面，AB型人与B型人似 有共同性，不过两者最大的区别也许可以说是前者不着迷，而后者则易着迷。对性的关 系，AB型人也是取冷静态度的，很少有沉溺的现象。假如需要在南极基地过上一年的 话，在性问题上最不在乎的我看是AB型人；要是O型人的话，可没那么简单，一部分人 很可能会熬出鼻血来。\r\n<p>但是，我们不能因此说AB型人嫌恶性关系。他们感起兴趣来，却很会寻欢作乐，花 花公子、浪荡女子还是以AB型人为多。若任其本能为之，他们做乐的余兴反倒会消失。\r\n<p>总之，在性关系方面，有挖空心思作乐、交媾术谙练的AB型人，也有兴味淡薄的AB 型人。可以说是随兴趣而异的。\r\n"
    }
]