[
    {
        "id": "1",
        "xzmc": "牡羊座",
        "xzrq": "03/21 - 04/19",
        "yxqx": "2008-12-23",
        "zhys": "3",
        "aqys": "3",
        "gzzk": "3",
        "nctz": "2",
        "jkzs": "85%",
        "stzs": "60%",
        "xyys": "银色",
        "xysz": "6",
        "spxz": "处女座",
        "zhpg": "\n自己的运气虽是普普通通，但乐於助人的话却能为整体气氛带来和谐。<br />\r\n能够为大家分摊劳动事物是你今天的任务呢。别人有什麽需要帮忙的事主动询问，周围气氛良好的话对自己也有好作用呢。还有主动为大家收集资讯也是个好方式喔，大夥儿正在讨论圣诞节该去什麽地方吃的、玩的时，不妨就积极电话、上网询问相关资讯，让大家玩得更顺畅愉快。"
    },
    {
        "id": "2",
        "xzmc": "金牛座",
        "xzrq": "04/20 - 05/20",
        "yxqx": "2008-12-23",
        "zhys": "3",
        "aqys": "3",
        "gzzk": "3",
        "nctz": "4",
        "jkzs": "63%",
        "stzs": "58%",
        "xyys": "蓝色",
        "xysz": "3",
        "spxz": "狮子座",
        "zhpg": "\n顾虑太多使自己明明知道该做什麽却下意识地觉得恐惧。<br />\r\n因此而阻碍了自我表现的机会。何时该进、何时该退两者之间的分寸拿捏更为重要，不然犹豫间可能变成全都落空的局面。觉得情绪低落时不妨往装饰著许多圣诞灯饰热闹一点的地方去吧，让四周欢乐的气氛带动你的活泼生气。"
    },
    {
        "id": "3",
        "xzmc": "双子座",
        "xzrq": "05/21 - 06/21",
        "yxqx": "2008-12-23",
        "zhys": "1",
        "aqys": "2",
        "gzzk": "1",
        "nctz": "2",
        "jkzs": "70%",
        "stzs": "36%",
        "xyys": "草绿色",
        "xysz": "8",
        "spxz": "双鱼座",
        "zhpg": "\n在职场中的人际关系需多加小心应对的日子。<br />\r\n过於惹眼的言行将引来周围对你不怀好意的批评。小心不利於你的传言正在四下流传的可能喔。就连装扮上也要保守点，服装别太过於暴露性感，免得引人反感喔。而金钱方面也不要太在意追求，你越是追著它跑，它也跑得越快的感觉。"
    },
    {
        "id": "4",
        "xzmc": "巨蟹座",
        "xzrq": "06/22 - 07/22",
        "yxqx": "2008-12-23",
        "zhys": "3",
        "aqys": "3",
        "gzzk": "3",
        "nctz": "4",
        "jkzs": "57%",
        "stzs": "60%",
        "xyys": "白色",
        "xysz": "2",
        "spxz": "魔羯座",
        "zhpg": "\n最近老觉得力气减退缺乏集中力的人似乎该检讨一下了。<br />\r\n近来的生活规律是否被破坏了。工作上的疲劳较易残留的时期，上午时段不宜太外出劳动，留点体力才能维持到午後。如果晚上有应酬最好不要拖到太晚。充分休养让体力回复一下，夜晚休闲不妨以听听音乐方式给心灵一些营养。"
    },
    {
        "id": "5",
        "xzmc": "狮子座",
        "xzrq": "07/23 - 08/22",
        "yxqx": "2008-12-23",
        "zhys": "3",
        "aqys": "4",
        "gzzk": "3",
        "nctz": "3",
        "jkzs": "78%",
        "stzs": "66%",
        "xyys": "紫色",
        "xysz": "7",
        "spxz": "水瓶座",
        "zhpg": "\n今天并不适合担任主角，领导计划进行等角色最好能让给别人。<br />\r\n自己只要负责执行就好。懂得谦让、不无谓地去抢光彩，往往获得的成果要比强出头来得好。虽然有些辛苦，今天以为别人解决问题为优先，做个令人信赖的後援者角色。"
    },
    {
        "id": "6",
        "xzmc": "处女座",
        "xzrq": "08/23 - 09/22",
        "yxqx": "2008-12-23",
        "zhys": "3",
        "aqys": "3",
        "gzzk": "3",
        "nctz": "3",
        "jkzs": "78%",
        "stzs": "56%",
        "xyys": "绿色",
        "xysz": "5",
        "spxz": "处女座",
        "zhpg": "\n小心受到他人的怂恿诱惑而做出不理智的事。<br />\r\n像是一时冲昏了头失去冷静思考能力。不要让自己与平常的你脱节了，你需要坚定自己的立场与更有智慧的判断才行。今天对长辈、上司的意见要虚心听从领教喔。他们可是真心诚意的对你提出最有建设性的意见呢。"
    },
    {
        "id": "7",
        "xzmc": "天秤座",
        "xzrq": "09/23 - 10/23",
        "yxqx": "2008-12-23",
        "zhys": "2",
        "aqys": "2",
        "gzzk": "2",
        "nctz": "2",
        "jkzs": "77%",
        "stzs": "42%",
        "xyys": "棕色",
        "xysz": "3",
        "spxz": "双鱼座",
        "zhpg": "\n目前处於秘密容易被揭发的时期，自己得先有心理准备才行。<br />\r\n或许内心的旧创伤处被挖掘出来，又被迫再次回想不欲回忆的过去。要再次面对伤痛处难免令人难过，不过好好面对处理也是从此能摆脱阴霾的关键。此外今天也不宜处理买卖土地、房屋等资产，因为疏忽了某些检查或丈量，容易发生纠纷的暗示，即使是从事仲介业的人也要留意喔。"
    },
    {
        "id": "8",
        "xzmc": "天蝎座",
        "xzrq": "10/24 - 11/22",
        "yxqx": "2008-12-23",
        "zhys": "4",
        "aqys": "3",
        "gzzk": "4",
        "nctz": "3",
        "jkzs": "92%",
        "stzs": "84%",
        "xyys": "红色",
        "xysz": "9",
        "spxz": "天蝎座",
        "zhpg": "\n体能状况较为安定了，使得你的情绪也随之高昂了起来。<br />\r\n越早争取时效就有好机会来临的日子。打起精神由一大早开始就好好表现一番吧。与旅行、外国相关的事物有什麽好消息的暗示，在与人交谈时不妨多提提这方面的话题，彼此交换资讯中意外发现好地点或什麽超值行程呢。新年假期的游乐，有底棉！"
    },
    {
        "id": "9",
        "xzmc": "射手座",
        "xzrq": "11/23 - 12/21",
        "yxqx": "2008-12-23",
        "zhys": "3",
        "aqys": "3",
        "gzzk": "3",
        "nctz": "3",
        "jkzs": "53%",
        "stzs": "66%",
        "xyys": "紫色",
        "xysz": "7",
        "spxz": "巨蟹座",
        "zhpg": "\n爱情上易流於感情用事，对人有强烈的独占欲。<br />\r\n对方迂回婉转的表现方式似乎没有让你体会到。别只顾虑到自己而没有站在对方的立场设想。表现稳重一点，别让对方觉得你太孩子气喔。不装饰、不矫情的态度反而是博得对方好感的秘诀，过於牵强的装饰词句可能会是反效果喔。"
    },
    {
        "id": "10",
        "xzmc": "魔羯座",
        "xzrq": "12/22 - 01/19",
        "yxqx": "2008-12-23",
        "zhys": "4",
        "aqys": "4",
        "gzzk": "3",
        "nctz": "3",
        "jkzs": "84%",
        "stzs": "77%",
        "xyys": "银色",
        "xysz": "1",
        "spxz": "天蝎座",
        "zhpg": "\n别让自己一个人忙忙碌碌的，更别让周围的人袖手旁观。<br />\r\n带动大家一起来才是聪明的你最该做的呢。光用想的觉得困难多多的事，但真正动起来竟是意外简单解决的暗示呢。不过也不用表现得太深刻，爽朗自然一些的态度，发出善意的邀约，大家自然跟著来。"
    },
    {
        "id": "11",
        "xzmc": "水瓶座",
        "xzrq": "01/20 - 02/18",
        "yxqx": "2008-12-23",
        "zhys": "4",
        "aqys": "4",
        "gzzk": "4",
        "nctz": "3",
        "jkzs": "85%",
        "stzs": "67%",
        "xyys": "黄色",
        "xysz": "6",
        "spxz": "处女座",
        "zhpg": "\n感应力佳的今天做什麽事就相信你的直觉没错。<br />\r\n平稳的心境还有激发什麽创意的可能哟。而对平常忙碌的人而言这一天却是很好的心灵休养日，感到生活受束缚的人也有了自由解放的感觉。计划一下即将到来的圣诞、新年假期要如何度过吧，会有好点子浮现呢。"
    },
    {
        "id": "12",
        "xzmc": "双鱼座",
        "xzrq": "02/19 - 03/20",
        "yxqx": "2008-12-23",
        "zhys": "4",
        "aqys": "3",
        "gzzk": "4",
        "nctz": "3",
        "jkzs": "86%",
        "stzs": "89%",
        "xyys": "粉红色",
        "xysz": "0",
        "spxz": "天蝎座",
        "zhpg": "\n不论什麽样的场合，有你存在的地方气氛都变得祥和起来。<br />\r\n今天的你似乎很有融合人心的作用呢。而在接近圣诞新年假期的来临时，想让自己穿著打扮亮丽一下的念头也动了起来，对服饰方面的搭配也让人眼睛一亮喔。与大家一起聊天时也可讨论一下这方面的话题，提供你的心得与建议，获得朋友大大感谢呢。"
    }
]