[
    {
        "id": "1",
        "xzmc": "牡羊座",
        "xzrq": "03/21 - 04/19",
        "yxqx": "2008-01-01~2008-12-31",
        "ztzk": "\r\n掌管爱情、浪漫及婚姻的第七宫2008年对你来说是OK的。对於牡羊座的你来说，爱情与社交生活在2008年并非大问题。生活中其他事情ˉ职业、心灵与教育，看似更为重要。因此，爱情与社交生活在本年度将维持现状。已婚牡羊座将继续保持婚姻现状，而单身牡羊也会持续保持单身状态，桃花增加但不如你想像中多。<br />\r\n<br />\r\n单身牡羊座的人可以去约会享乐。然而，认真的感情关系2008年不容易开花结果，因为实际上不是每年都特别适合谈恋爱，有些年适合，有些则不是。而2008年你无法恋爱和工作都面面俱到，每个星座都是这样，每年会专注於不同的事件。<br />\r\n<br />\r\n所以今年，金星提醒你的是，回顾现有感情与社交生活，评估现况，进行需要的改善及修正，让你爱情及交往关系更完美之际。对单身的牡羊座而言，这段时间是为了面对未来更大恋情来临的准备期。如果你不想恋爱，今年最适合拼工作！<br />\r\n<br />\r\n不过艳遇你就不用担心了！你整年度都有极佳的艳遇桃花运，你很有可能会在任何场合或异国认识对方。而如果你是正在找「第二春」的牡羊座也有许多机会！<br />\r\n只是大多并非认真的感情关系。<br />\r\n<br />\r\n你最活跃的社交期间将是4月23日:7月21日及11月、12月。<br />\r\n<br />\r\n即使对於大部分牡羊座的你，本年度感情都将维持现状，但活跃愉悦的友谊关系对所有牡羊座来说都十分乐观。实际上，今年比较像是「友谊年」。好比前几年的状况，你会认识令人振奋新类型的朋友，他们都是好人、极富魅力的、对你的未来和心灵都有极大帮助。\r\n",
        "nv": "\r\n奶的个性带点鸡婆，易谈戏剧性的恋爱。一旦看上眼就不在乎朋友的看法，即使不被祝福也照爱！因金钱观较弱，容易省小钱花大钱喔！\r\n",
        "nan": "\r\n个性叛逆的你，别人越是反对的事你就越要做！所以私奔和谈疯狂恋情的人就是你啦！你充满积极的个性，在事业上可是会很有成就的！\r\n"
    },
    {
        "id": "2",
        "xzmc": "金牛座",
        "xzrq": "04/20 - 05/20",
        "yxqx": "2008-01-01~2008-12-31",
        "ztzk": "\r\n去年你的恋爱及社交运旺盛。许多单身金牛座有机会步入礼堂或有认真的交往对象。<br />\r\n许多金牛座的你，目前正处满意的情形，不用作改变。其实金牛座是最容易取悦的物件。想让他们改变现状，将会非常痛苦。所以只要给金牛座基本需求—好吃的食物、享受的性、好家庭与银行存款，金牛座的你不会想要惹麻烦。也因此了解你的人，会和你继续相守2008，甜蜜依旧。<br />\r\n<br />\r\n然而，金牛座的你若仍单身，并且努力想要迈向婚姻，今年仍有数多好机会！整体而言，机会和桃花将比以往多。5月後你会发现必须调整心态，这将是你脱离单身的主要转捩点。今年也有许多积极参与社交的机会，但如果你不想要结婚也可以。因为你拥有太多机会，而非太少机会。<br />\r\n<br />\r\n今年的人际关系和友谊运势同样很旺盛，将可接触令人振奋的生活领域。你结交许多新朋友，很多是高身分地位的物件，他们同时也是你事业方面的助力。<br />\r\n<br />\r\n持续旺盛的人际关系，你的行程每天都排的满满的，交际应酬非常频繁，虽然你偶而感到疲累，很想给自己空档休息，但建议你不妨好好把握，让自己的人脉多多增强。 金牛座最讨厌的就是朋友来来去去，可能忽然出现又突然离去。永远拿不准朋友有哪些。然而，学习处理新朋友、和他们接触，对金牛座的你来说是2008年的重要课题。\r\n",
        "nv": "\r\n奶给人慎重小心的印象，其实内心有超乎常人的浪漫和感性。奶很向往谈场戏剧又冒险的恋爱。在朋友间容易吃亏，是个很心软的人！\r\n",
        "nan": "\r\n你的爱情魅力不错，有机会成为有钱人和大人物，虽有著温柔的外表，但内心大胆有野心，想做的事通常都可克服困难，是梦想家类型！\r\n"
    },
    {
        "id": "3",
        "xzmc": "双子座",
        "xzrq": "05/21 - 06/21",
        "yxqx": "2008-01-01~2008-12-31",
        "ztzk": "\r\n掌管爱情与社交关系的第七宫将会影响你的心情。<br />\r\n2008年是你的爱情排毒年，不过别担心，这个过程从头到尾皆很愉悦。你会自然而然知道自己要什麽，而之前对爱情的偏见或是负面态度也会消失。今年由於第七宫的帮助，你将明白爱情的真义，如果你还没找到物件，这也是为你将来临的真爱预作准备。<br />\r\n<br />\r\n单身双子座如果不想结婚，也会有认真的感情关系。而不想要谈恋爱的双子座，也会找到事业夥伴或是一起赚钱的夥伴，同时也将出现新朋友。你会参加更多聚会、婚礼及社交场合。你将扩大社交范围。你认识的人也将来自「较高」层级，他们似乎教育背景良好且十分高尚。虽然他们不一定富有，但却过著心灵充实的生活，对你也颇多帮助。<br />\r\n<br />\r\n你的工作地点可能发生恋爱机会。今年恋爱机会也会发生於较一般的聚会社交场合，或是国外。<br />\r\n<br />\r\n已婚的双子座朋友，或许在婚姻中会感受更多浪漫气氛，而社交生活大体上也会扩大。如果你是刚分手，正想要迈向一段新恋情的双子座朋友，2008年也将过得十分开心，享受令人振奋的社交生活。然而，不建议步入婚姻或永久承诺。自由与没有承诺的人生，对你今年较有利，你可以再多看看。<br />\r\n<br />\r\n总之双子座朋友今年感情将维持现状。但将有更多社交场合与结交更多新朋友，但如果要你定下来，是可以考虑的。<br />\r\n\r\n",
        "nv": "\r\n奶的个性爽朗且谈话有趣，拥有让男生想要接近的神奇魅力。不容易拒绝诱惑，发现自己即将陷入平凡的恋爱，就会开始找一些乐趣！\r\n",
        "nan": "\r\n你在不同类型女生中很受欢迎！是个可享受恋爱又可保持自由的厉害角色！可在各种气氛让你另一半开心，不缺朋友。人气指数很高喔！\r\n"
    },
    {
        "id": "4",
        "xzmc": "巨蟹座",
        "xzrq": "06/22 - 07/22",
        "yxqx": "2008-01-01~2008-12-31",
        "ztzk": "\r\n你掌管爱情的宫位和掌管友谊的宫位都不错。<br />\r\n2008年你却有些想忽略他们，你认为金钱、工作、教育比爱情与社交生活更重要。你不想要在恋爱上面花费太多时间。<br />\r\n<br />\r\n虽然你正处於这样的心情，但不代表你就没有机会，有些人常感觉某些年为桃花旺盛年，有些则否。有些年为财运旺盛年，有些则否。而今年对巨蟹座来说，是桃花旺盛和你渴望金钱旺盛的一年。<br />\r\n<br />\r\n如先前所提，今年是桃花旺盛年。你的爱情生活於2008年将十分活跃，但巨蟹座的你会想要选择维持现状。已婚巨蟹座依然会维持婚姻，而单身巨蟹座保持单身但机会多很多。<br />\r\n<br />\r\n前几年，爱情与金钱有强烈的连结关系。你的爱情旺盛时，财运也会变得良好。爱情生活不如意时，金钱生活通常也会受到影响。尤其当物质不虞匮乏时，你更可以发现追求者多了起来。<br />\r\n<br />\r\n2008年这样的状况还会维持，对已婚巨蟹座而言，你会越来越重视你伴侣的表现，对你的关心和照顾有没有比以前更好。单身巨蟹座将会被有经济条件或是可提供财务保障的物件所吸引。你对有钱的物件开始有兴趣。并不是说你现实喔，而是巨蟹座一向谈起爱情来，完全不管金钱的存在和需要，会一股脑儿想要投入到爱情的漩涡中，但从2008年起，你会想要拥有好的物质生活，会开始想为将来著想，想要更有保障，所以在选择物件方面，金钱和经济条件变成你其中一项考量。你的社交生活也会开始改变，变的比较工作或实际取向。若非参与可让你有某种工作关联的聚会，就是参与有关工作或事业的社交场合。<br />\r\n<br />\r\n巨蟹座朋友于此刻皆看似现实，其实是更实际。对爱的热情有些消失。然而，每个人都是如此，经历过不同的历练，才会更加成熟。除此之外，你2008年下半年会更重视聪明才智和心灵沟通。<br />\r\n<br />\r\n如果你已经有另一半，你会想要他更加坦承 内心的情感，希望他变成容易沟通的物件。单身巨蟹座想要寻找完美恋情，而已婚巨蟹座则想让现有关系更加完美。这些都很不错，每个人都值得追求和拥有最美好的事物，然而建议你不比变成过度批评。<br />\r\n<br />\r\n提醒你一个好消息，当你开始认真赚钱时，爱情与社交机会自然来临。下半年恋爱机会将发生於教育场合，例如学校、讲座或课程。以及和家庭接近之处、邻近地点或邻居。<br />\r\n<br />\r\n年底11月时将有机会发生一段热烈的艳遇，这段感情也有可能发展成认真关系。如果你要出国，不妨多留意。单身巨蟹座的朋友，如果你想要步入礼堂或进入一段认真的感情关系，2008年也是相当的好时机。<br />\r\n\r\n",
        "nv": "\r\n一旦恋爱心就会完全变成是对方的！易沉迷恋爱中，争吵时容易心碎。充满温柔魅力又体贴的奶，是深受男生所喜爱的。专情指数极高。\r\n",
        "nan": "\r\n你内心其实非常脆弱，必须要小心的是，万一对方想要离开时通常会情绪激动。试著让自己不那麽执著否则容易成为悲剧中的男主角喔!\r\n"
    },
    {
        "id": "5",
        "xzmc": "狮子座",
        "xzrq": "07/23 - 08/22",
        "yxqx": "2007-01-01~2007-12-31",
        "ztzk": "\n桃花运旺、人缘佳，连带在事业上亦有帮助。如果你是单身的狮子座，要好好把握，将有更多表现的机会。你今年人际运势绝佳，会有许多人协助你，只要认真付出便能达成你的目标。而且，不但人际关系不错，但感情生活也是很旺的喔！，已有伴侣的人会遇到许多追求者，小心影响你和另一半的感情。单身者则是桃花不断，只是虽然追求者众，但有些都不是你的理想对象。人际关系对事业方面助益颇多，特别是有机会在工作场合结识新朋友喔！\n",
        "nv": "\n外表帅气不拘小节的男生才能获得奶的青睐,运动神经发达的人也和奶相配.你的理想对象是开朗而不记仇做事认真有魅力的专业人士。\n",
        "nan": "\n当受到大家注意时会感觉幸福像国王般，是你最愉快时刻你很清楚自己有吸引人的能力与外貌.所以理想对象一定要能仰慕你才行！\n"
    },
    {
        "id": "6",
        "xzmc": "处女座",
        "xzrq": "08/23 - 09/22",
        "yxqx": "2007-01-01~2007-12-31",
        "ztzk": "\n1-4月人际运较差，感情运也相对较差，对於目前仍然单身的你，何不多花些精力在工作上呢？不论你的能力如何，你越努力就会赚得越多。4月感情运平平。夫妻之间可能会出现小冲突，你将面临感情方面的困扰，若与情人起争执将无法获得解决，容易变成冷战。6月後感情运还算不错，不过由於今年并非是你的感情年，所以感情生活要持续要多努力。但工作方面的人际关系算不错，藉这机会与老主顾联系感情，顺便发掘一些新客户，往後能在工作方面为你带来好运。\n",
        "nv": "\n你的要求条件很多，所以找寻相当不容易，要有能力主导你，所以你的理想对象是冷静聪明但是不会投机取巧的男生。\n",
        "nan": "\n你是有志气的稳重知性派 , 因此不切实际没有智慧的异性是不会令你注意的 . 唯有务实 . 做事脚踏实地的女生才合乎你的要求\n"
    },
    {
        "id": "7",
        "xzmc": "天秤座",
        "xzrq": "09/23 - 10/23",
        "yxqx": "2008-01-01~2008-12-31",
        "ztzk": "\r\n爱情在2008年对你来说慢慢变得不如往年重要。当然棉，你还是会出去玩、约会和享乐，但对单身天秤座而言，今年还不太可能步入礼堂。基本上今年将维持现状。单身天秤座仍会维持单身，而已婚天秤座的婚姻也将保持现状。对於善於社交的天秤座而言，好消息是今年你们将有更多社交方面的自由，但是你可以依自己的选择改善爱情与社交方面现状。<br />\r\n<br />\r\n虽然不太可能结婚，风流韵事或多角关系还是有高机率发生。你也很容易和与工作地点、同事或工作认识的物件产生恋爱机会，有很多发生办公室恋情的机会。另外今年很特别的是，你很有可能与你健康有关的人发生恋爱机会，不一定是医生，可能是健身房、瑜伽教室或健康食品店或是营养师。如果你是单身，今年要注意很有可能出乎意料地怀孕，而且性欲和生育能力都很强。<br />\r\n<br />\r\n友谊这几年一直很重要，不过2008年将面临考验，这个趋势从07持续至今年。基本上你今年比去年更可以可看清谁是好人，谁是真心诚意的朋友而谁不是。<br />\r\n品质好的朋友今年可以禁得起你的考验，品质差的朋友将远离，别伤心，因为你之後可以专注於真的好友情，让酒肉朋友离开你。<br />\r\n<br />\r\n爱情与社交机会来自四面八方，这段期间也适合回顾你的婚姻、爱情与整体社交状况。上半年检讨自己，因为良好的检视过去，将有助你更上一层楼。6月前不适合计画结婚或离婚，适合厘清社交情况。所以重点是，办公室恋情的高可能性，对象为主管的机率高於同事。另外，你有很多机会将与高身份地位的人来往，最少会与这些人关系不错。<br />\r\n<br />\r\n爱情与婚姻虽然还是你人生中的仍是首要目标。不过这段期间单身的天秤座会认真思考婚姻的可能性。认真的交往关系会发生，但仍备受考验，感情将有不少小波动，让你感觉不太稳定，不过桃花机会很多。<br />\r\n\r\n",
        "nv": "\r\n对奶而言，恋爱一定要是快乐且无负担，不喜欢没有想法肤浅男生！12星座中最有人缘，也最具有协调能力。可说是的超优质女生喔！\r\n",
        "nan": "\r\n你容易认识很多类型的女生，有谈心事的，有单纯朋友，异性缘极佳！对你而言要走在一起让你有骄傲感，才是能让你心动的第一因素！\r\n"
    },
    {
        "id": "8",
        "xzmc": "天蝎座",
        "xzrq": "10/24 - 11/22",
        "yxqx": "2008-01-01~2008-12-31",
        "ztzk": "\r\n天蝎座今年不是特别强盛的爱情或社交年。<br />\r\n你会想要把重点放在财运和事业。这不代表你不会有社交生活，当然还是会有，但在你心中这些都不如往年重要。<br />\r\n<br />\r\n单身天蝎座将保持单身，已婚天蝎座也将保持现状。2008年单身生活似乎不是坏事。首先，天蝎座们最重要的一件事是学习独立。一个人有时对你而言，像是种折磨。但你还是有许多发生桃花的机会，发生地突如其来、出其不意，可能是家中访客。但这些会成为婚姻吗？不太可能。都很短暂而且仅是浪漫一场。对单身天蝎座而言，这些尝试或许很有用，藉由桃花的机会，你也会发现自己内心对爱情和伴侣真正的需求。不拓要注意，怀孕是其中的危险因素，适当年龄的天蝎座男女，今年都比往年具旺盛生育力。<br />\r\n<br />\r\n已婚或未婚的天蝎座因为都有发生桃花的机会。已婚天蝎座必须明白，自己永远有拒绝的能力。虽然星座会影响你，但它不能强迫你的意志。已婚天蝎座应该努力使婚姻更像恋爱一样，并且自己强迫自己制止这方面的诱惑。<br />\r\n<br />\r\n今年婚姻看似维持现状，但因为桃花婚姻将受考验。若为真爱，考验将进一步提升双方的关系。但若双方关系中有基本缺失，可能於压力下分手。一定要小心。<br />\r\n<br />\r\n7月後友谊将变为十分重要。这段期间将考验许多现存友谊。若非真的朋友，这段期间便会解散。虽然很痛苦，但对你长期来说是好事。你会发现你没办法参与每个聚会或团体活动。你需要专注於重要的、有品质的聚会。朋友也是一样，你需要专注于重要的朋友，2008年你的朋友也许变少，但是都是真心的好朋友。<br />\r\n<br />\r\n你今年最活跃的时期是3月、4月、5月、6月。<br />\r\n\r\n",
        "nv": "\r\n奶常以自己的感觉谈恋爱，不管他人的想法！谈恋爱喜欢用直觉受，只要一旦喜欢上某人，就会希望他和奶一起成长，最痛恨轻浮的男生。\r\n",
        "nan": "\r\n只要有心仪对象，分分秒秒都会想要见到她！不过不会一下将激烈的热情表现出来，需要时间去酝酿，越久对方越可以发现你的好！\r\n"
    },
    {
        "id": "9",
        "xzmc": "射手座",
        "xzrq": "11/23 - 12/21",
        "yxqx": "2008-01-01~2008-12-31",
        "ztzk": "\r\n射手座的你，爱情与社交生活今年并非你的生活主轴。当然棉，你还是会出门、约会和享乐，但是不太可能步入礼堂或过於认真的交往关系。通常这也代表你很满意现有状况，或者焦点在於家庭、事业或财务。整体而言今年大多将维持现状。<br />\r\n<br />\r\n整体而言，你最活跃与开心的桃花期为4月、5月、6月、8月。即使今年为社交缓慢年，这些期间还是较往常积极。<br />\r\n<br />\r\n今年恋爱生活的压力不小但多是好的压力，你会更独立，更自动自发。你本来就很喜欢用自己的方法做事。但2008年其他人不理你的意见，你也不担心，你会自己继续走自己的路。独立是件好事，你会知道什麽对自己正确。你对自己个人的判断也都是正确的。但是就因为如此，2008年你变成有些不太需要别人，你与情人和朋友不会太多进一步发展。你在建立自己的人生。不太可能在两人或朋友关系中妥协，但这会让你筛选出一些对你也帮助的真正好友和爱情关系。<br />\r\n\r\n",
        "nv": "\r\n奶一见种情的机率高。喜欢热情有企图心的男生。喜欢新鲜感很容易和外国人谈恋爱，享受浪漫的异国恋情。是观念开通的新时代少女！\r\n",
        "nan": "\r\n喜欢追求自己所喜欢的对象。在团体中通常很受欢迎耐心不足所以半途而废的事情和愿望很多喔！而且容易花钱花得不够节制要小心喔！\r\n"
    },
    {
        "id": "10",
        "xzmc": "魔羯座",
        "xzrq": "12/22 - 01/19",
        "yxqx": "2008-01-01~2008-12-31",
        "ztzk": "\r\n去年掌管魔羯座爱情的第七宫与掌管友谊的第十一宫都不强盛，所以你似乎很满意现状，不想要大改变或多留心这些事情。所以在2008年初，你还是将维持现状。已婚者会保持已婚状态，单身摩羯座也会维持单身。<br />\r\n<br />\r\n但是2月後开始运势旺盛，尤其在5月、6月、7月与9月到年底都有爱情好机会出现。本来你是一个有独立及自我意志，不喜欢妥协的人。你一向可以走自己的路，若其他人不跟来，你也会继续走下去。但是在今年你会想要转变，希望自己更圆滑些，希望自己更多一些朋友，也想要展现你个性中亲和的一面。<br />\r\n<br />\r\n若你现有婚姻是第二段，2008年关系将面临考验。这些考验的过程让你不太愉悦，但会是好结果。若为真爱，关系将更坚定，将战胜一切并更上一层楼。但若有自私的心态或是大量意气的争执，容易导致分开，要谨慎处理。。<br />\r\n<br />\r\n如果你是想要踏入婚姻的摩羯座，建议你得有耐性。2008年你似乎有点著急，但是别担心，今年的桃花密集，而且质感都不错，建议你还是要多观察，不要过於快速付出，让爱自然发展，你会找到很好的恋情和真爱。<br />\r\n\r\n",
        "nv": "\r\n你对自己喜欢和不喜欢区别的相当清楚。不善於表达真实心意，所以常会摆出严肃的模样，建议奶多多微笑可以增加你的桃花指数喔！\r\n",
        "nan": "\r\n和成熟的人陷入爱情的机率高！内心渴望爱情，因害羞与不善於表达，常会和好缘分擦身而过！建议扩大朋友圈，你的好会让更多人知道！\r\n"
    },
    {
        "id": "11",
        "xzmc": "水瓶座",
        "xzrq": "01/20 - 02/18",
        "yxqx": "2008-01-01~2008-12-31",
        "ztzk": "\r\n爱情对水瓶座十分重要，尤其对正在迈向婚姻的水瓶座而言。如果你是正处於婚姻的水瓶座，2008将发现婚姻面临考验，若你的婚姻建立于健全基础，则可度过这次考验，并且更上一层楼，这世界好像在考验你的内心，让你发现关系中的缺点，和自己的缺点，并加以改进。不是每段婚姻都可通过考验，但如果重整再出发，通常结果会是好的。然而，无论是何种情形，2008年你对你的婚姻与爱情的心态和责任感都会有所调整。<br />\r\n<br />\r\n单身水瓶座2008不像从前那麽常想要约会。很多约会的经验，让你感觉影响工作，也不如想像中开心。将有不必要的纷争与负面困扰消耗你的精力。约会很美好，但你会开始筛选，想要提升你爱情与社交生活的品质。所以当2008年过去时，你的约会和朋友将减少，但品质会较好。<br />\r\n<br />\r\n由於行星的影响，你对约会的态度开始认真，你将只为婚姻或认真的感情关系约会。你不想只是跟一般人约会，你只想与你谈得来或是看起来可能是你心灵伴侣的人约会。你感觉与伴侣的心灵契合度日渐重要，仅是身体或情绪方面的吸引已不足以满足你。双方必须有类似的心灵程度，心灵波长。当双方心灵契合，许多事都可成功，但找到这样的物件并不容易。不过恭喜你！你的心灵直觉2008对爱情方面可说是很敏锐。如果你正想要迈向婚姻的单身水瓶座，2008年有机会步入礼堂，但整体来说3月之後一切都会改善。<br />\r\n<br />\r\n你今年很多机会来自于慈善或帮助他人的场合，如教堂、法会、心灵聚会，只要跟随你的心灵之途，爱情自然出现。<br />\r\n<br />\r\n万一恋情真的有些不太愉悦，别担忧，2008年友谊将十分开心。你或许不被浪漫恋情吸引，但所有的水瓶座，无论单身或已婚，2008都会遇到好的朋友。你正在扩展社交圈。虽然较少约会，但是有更多朋友的聚会生活。<br />\r\n<br />\r\n你最活跃与快乐期为6月、7月、8月、9月、10月。<br />\r\n\r\n",
        "nv": "\r\n就算热恋交往奶也不会吃醋喜欢恋爱无负担。虽然看起来什麽都不在乎，但很重情义对於友情和爱情奶有自己的一套。个性直率又讲理！\r\n",
        "nan": "\r\n你对爱人没有明确的界线，有时分不清对方是恋人还是朋友。对爱情有莫名的高度自尊心，这点可是谁都不能违背你原则的喔！\r\n"
    },
    {
        "id": "12",
        "xzmc": "双鱼座",
        "xzrq": "02/19 - 03/20",
        "yxqx": "2008-01-01~2008-12-31",
        "ztzk": "\r\n今年你的爱情与社交生活是活跃的！但极具挑战！你的婚姻与认真的感情关系将面临考验。2007年天王星在你的本星，因此对婚姻不利。2008年你更会开始对个人自由著迷，希望自己可以想做什麽，就做什麽。若有任何局限或是他人的建议，都将感到烦心。因为你想要享受自由自在的生活，而传统受到限制的婚姻就会让你心中有些不太开心。不过单身双鱼座，会因为想要或另一种生活，也可能会快速步入礼堂。<br />\r\n<br />\r\n所以若你已婚，你的婚姻将面临考验。若你本来就是因一些错误动机结婚，例如为了反抗或是证明自己或太无聊想改变，那2008年你需要很努力来维持婚姻。然而若你的婚姻是基於真爱与互信，也就是你结婚是由於双方皆有类似或相同价值观念，那麽恭喜你，2008年开始这段婚姻将比从前更加坚定。就算许多纷扰和流言出现，你都会一一克服，让婚姻之路更为顺利。<br />\r\n<br />\r\n如果你是一个交往中的双鱼座，你会想要寻求更大的目的，例如事业或个人成长。你的情人如果和你一样有共识，你会感觉相当满足，这是良好关系。但是如鼓双方意见和人生目标相差太远，关系将遇到考验，所以当你知道问题所在时，建议多沟通做彼此的观念修正。<br />\r\n<br />\r\n而前面提到你对自由的追求，2008年特别强烈，自由并不是一个人出去玩，有时候是思考的自由、交友的自由、追求兴趣的自由，只要你明白自己对自由的需求程度，你的爱情或婚姻关系便会维持下去或是更好。但如果对方一直不给你任何空间和呼吸的感觉，你会慎重考虑离开。<br />\r\n\r\n",
        "nv": "\r\n只要陷入恋情，奶很容易就忘记家人和好朋友！对爱会完全付出而易为小事伤感。在男生中很受欢迎，有很多机会，异性朋友也很多喔！\r\n",
        "nan": "\r\n你的心肠很软就算下决心分手也不喜欢主动提。对方悲伤请求你可能就会变成拖泥带水。你对爱人温柔是很多女孩心中的理想对象喔！\r\n"
    }
]