[
    {
        "id": "1",
        "xzmc": "牡羊座",
        "xzrq": "03/21 - 04/19",
        "yxqx": "2008-12-24",
        "zhys": "4",
        "aqys": "4",
        "gzzk": "3",
        "nctz": "4",
        "jkzs": "78%",
        "stzs": "70%",
        "xyys": "金色",
        "xysz": "6",
        "spxz": "狮子座",
        "zhpg": "\n一年一度的圣诞夜当然要给它热热闹闹度过才够意思。<br />\r\n让热闹华丽的气息为这一年的最後数日增添些光彩吧。总之，今晚往人多欢乐的地方钻就对了。朋友、学校间的联谊派对或某些团体办的活动都可以，积极去参加狂欢一下，说不定还有邂遘运的机会哟！"
    },
    {
        "id": "2",
        "xzmc": "金牛座",
        "xzrq": "04/20 - 05/20",
        "yxqx": "2008-12-24",
        "zhys": "4",
        "aqys": "4",
        "gzzk": "3",
        "nctz": "4",
        "jkzs": "82%",
        "stzs": "64%",
        "xyys": "粉红色",
        "xysz": "8",
        "spxz": "巨蟹座",
        "zhpg": "\n还没寄出圣诞卡、贺年卡的人，趁上午的最後机会弥补一下还来得及喔。<br />\r\n而情侣们这个圣诞夜也可以过得很温馨，如果不想在外凑热闹，两个人的私密空间也不错，一起翻翻过去的照片、信件、纪念品等等，圣诞夜也是个感情的维系夜呢。"
    },
    {
        "id": "3",
        "xzmc": "双子座",
        "xzrq": "05/21 - 06/21",
        "yxqx": "2008-12-24",
        "zhys": "3",
        "aqys": "3",
        "gzzk": "3",
        "nctz": "4",
        "jkzs": "66%",
        "stzs": "61%",
        "xyys": "黄色",
        "xysz": "2",
        "spxz": "水瓶座",
        "zhpg": "\n如果圣诞节、新年有需要送礼或采购物品的情况时，不妨找个朋友同行。<br />\r\n以别人的意见来挑选似乎比较适合喔。也是由交际往来中收获丰富的一天，多多与人接触吧。特别是由从事创作工作的人那里得到新鲜的刺激体验呢。但今天午後运势稍有下降趋势，重要约会宜订在上午完成。"
    },
    {
        "id": "4",
        "xzmc": "巨蟹座",
        "xzrq": "06/22 - 07/22",
        "yxqx": "2008-12-24",
        "zhys": "4",
        "aqys": "4",
        "gzzk": "4",
        "nctz": "2",
        "jkzs": "82%",
        "stzs": "88%",
        "xyys": "红色",
        "xysz": "9",
        "spxz": "金牛座",
        "zhpg": "\n大夥儿聚会时的谈话中似乎有什麽机缘存在喔。<br />\r\n圣诞夜的活动中恋爱运、工作运机会暗藏的气息。将你的卫星小耳朵张大一点，多听听别人聊天中提及的相关话题，好机会随时入耳的可能呢。此外也适合担任朋友们之间的纠纷仲裁，你的公正评断让信赖度大为提升喔。"
    },
    {
        "id": "5",
        "xzmc": "狮子座",
        "xzrq": "07/23 - 08/22",
        "yxqx": "2008-12-24",
        "zhys": "4",
        "aqys": "4",
        "gzzk": "3",
        "nctz": "3",
        "jkzs": "76%",
        "stzs": "69%",
        "xyys": "黄色",
        "xysz": "5",
        "spxz": "天蝎座",
        "zhpg": "\n最近新开幕的店、引起热门话题的地点，就是这个圣诞夜的幸运指标了。<br />\r\n光彩耀眼的圣诞装饰，光是看著就让人心神愉悦了，让自己疯狂在闪烁的灯光下吧！不过越接近深夜时刻，似乎私人交际要比多人交际来得让人满足哟，夜深了之後就将欢乐时光留给最亲密的人吧。"
    },
    {
        "id": "6",
        "xzmc": "处女座",
        "xzrq": "08/23 - 09/22",
        "yxqx": "2008-12-24",
        "zhys": "3",
        "aqys": "3",
        "gzzk": "3",
        "nctz": "3",
        "jkzs": "80%",
        "stzs": "63%",
        "xyys": "银色",
        "xysz": "2",
        "spxz": "狮子座",
        "zhpg": "\n与熟识的朋友、夥伴间毫无拘束的相聚时刻。<br />\r\n今晚的圣诞夜所参加的聚会或活动，最好参与的都是自己相识的人，如果有不熟悉的人在场，可能会较有拘束感。如果大家同样有著某层关系、有著相同的遭遇或回忆就更好了。"
    },
    {
        "id": "7",
        "xzmc": "天秤座",
        "xzrq": "09/23 - 10/23",
        "yxqx": "2008-12-24",
        "zhys": "3",
        "aqys": "4",
        "gzzk": "3",
        "nctz": "2",
        "jkzs": "71%",
        "stzs": "62%",
        "xyys": "橘色",
        "xysz": "3",
        "spxz": "魔羯座",
        "zhpg": "\n圣诞夜在金钱方面可需要注意一下，不要有花钱还受气的情况发生才好。<br />\r\n一向重视气氛的人或许对贵得离谱的圣诞餐并不介意，但贵得是否有价值就一定要事先打听了。其实能够团坐在一起的火锅、烧烤大餐，要比外头一客贵得吓人的圣诞餐吃得更愉快呢。"
    },
    {
        "id": "8",
        "xzmc": "天蝎座",
        "xzrq": "10/24 - 11/22",
        "yxqx": "2008-12-24",
        "zhys": "4",
        "aqys": "4",
        "gzzk": "4",
        "nctz": "3",
        "jkzs": "86%",
        "stzs": "72%",
        "xyys": "粉红色",
        "xysz": "1",
        "spxz": "处女座",
        "zhpg": "\n这一年来对情人、对朋友的感谢不妨趁这一天表达一下吧。<br />\r\n准备一份小礼送给他们，让这个耶诞节充满感谢的心。顺便而圣诞节的礼物采购就剩这一天了，还没有准备好的人当然会急著赶快去买，不过也因匆忙之下往往买到高价又不是很符合理想的物品，最好能抽个充裕一点的时间，还要多比较几家喔。"
    },
    {
        "id": "9",
        "xzmc": "射手座",
        "xzrq": "11/23 - 12/21",
        "yxqx": "2008-12-24",
        "zhys": "3",
        "aqys": "3",
        "gzzk": "3",
        "nctz": "3",
        "jkzs": "70%",
        "stzs": "65%",
        "xyys": "浅蓝色",
        "xysz": "9",
        "spxz": "射手座",
        "zhpg": "\n面对著圣诞佳节来临还真是有些心不在焉。<br />\r\n没什麽心思在工作上的样子，既然如此就起来活动身体吧。想要有个愉快又幸运的圣诞节，当然要让周围装饰些有过节气息的装饰品啦。还有就是将屋子打扫乾净，做好这两件事今晚的平安夜就会很温馨呢。明天的圣诞日也会更幸运喔。"
    },
    {
        "id": "10",
        "xzmc": "魔羯座",
        "xzrq": "12/22 - 01/19",
        "yxqx": "2008-12-24",
        "zhys": "4",
        "aqys": "4",
        "gzzk": "4",
        "nctz": "3",
        "jkzs": "92%",
        "stzs": "88%",
        "xyys": "黄色",
        "xysz": "5",
        "spxz": "天蝎座",
        "zhpg": "\n工作环境中的和谐气氛让你觉得内心充实满足。<br />\r\n客户对你的评价上扬，能力也获得肯定。而热情洋溢的你人气运也正在上升中途呢，圣诞夜的舞会或游乐打扮时髦一点，勇於尝试不一样的装扮，你将成为众人注目的焦点。恋爱运也不错喔，与迷人的异性相遇的预感，也是适合提亲说媒的日子。"
    },
    {
        "id": "11",
        "xzmc": "水瓶座",
        "xzrq": "01/20 - 02/18",
        "yxqx": "2008-12-24",
        "zhys": "4",
        "aqys": "4",
        "gzzk": "4",
        "nctz": "3",
        "jkzs": "90%",
        "stzs": "86%",
        "xyys": "粉红色",
        "xysz": "6",
        "spxz": "双鱼座",
        "zhpg": "\n不见得要去跟别人人挤人地狂欢，与亲爱的情人、家人一起度过更有另一种温馨的幸福。<br />\r\n一份圣诞餐、一个小蛋糕，一样可以热热闹闹地度过佳节。而圣诞夜的约会对情人多献殷勤就没错了，多一分体贴，之後的投怀送抱热情就多一分啦。"
    },
    {
        "id": "12",
        "xzmc": "双鱼座",
        "xzrq": "02/19 - 03/20",
        "yxqx": "2008-12-24",
        "zhys": "4",
        "aqys": "4",
        "gzzk": "3",
        "nctz": "3",
        "jkzs": "75%",
        "stzs": "77%",
        "xyys": "红色",
        "xysz": "7",
        "spxz": "牡羊座",
        "zhpg": "\n圣诞平安夜对你而言将是个浪漫夜，单恋中的人将有不错的机会呢。<br />\r\n你的情意终於让对方会意了，接下来就是积极的以行动表现了。恋爱上情愫正蠢蠢欲动著，平常相处的异性朋友中有发展成为恋人的可能喔。交往一段时间的情侣也是提出婚约的好日子，或是安排与对方的家长见面也能留下好印象喔。"
    }
]