[
    {
        "id": "1",
        "xzmc": "牡羊座",
        "xzrq": "03/21 - 04/19",
        "yxqx": "2008-11-01~2008-11-30",
        "ztzs": "4",
        "ztys": "　　这个月，白羊座工作上稳定的状态仍然不需要操心。月初会因为工作性质的关系，有机会出差到一个你一直很想去的地方，借着推动业务之便，达成你散心与工作结合的愿望。但要注意因为水土不服的关系出现一些不适的症状。在回到工作岗位上，当你在呈上考察成绩给上司的的时候，只要提出以你所见做出的评估，不要注入太多个人主观的意见。一旦让上司觉得你这一趟是值得的，对你会有加分的做用。 ",
        "aqzs": "4",
        "aqys": "　　在诸事不需烦心之下，这个月的爱情运对白羊座来说简直是一帆风顺。单身的你，在长久渴望爱情之余，习惯于独来独往的生活方式，也乐在其中，你根本不去在意有没有爱情的降临，埋首于工作之中，反而让你轻松面对。有对象的你，和另一半在相处上也维持着稳定的关系。热情如火的两个人可以慢慢加入一些心灵的议题，让彼此的距离拉近。然而在月底时会有一些热情消退的现象，千万不可以因为忙录于工作中忘记了关心对方。 ",
        "tzzs": "4",
        "tzys": "　　随波逐流不是白羊座的格调。在这个月的投资理财方面，有一套独特的见解的你，不管盈亏多少，只想在操作上如何把左手的钱放进右手。沉浸于这一来一往之间的成就感的同时，便掩盖了你金钱流失的愁怅。对你来说，钱就是旧的不去，新的不来。在这样的心态下，这种大风险的处理财务成绩一定不会每次都能如你所愿。财务状况的稳定生活才安定，怎样把手边的资金做有效的运用，才不致于先甜后苦，后悔莫及。 ",
        "jyfs": "\r\n 多陪陪家人，他们无私的关怀让你有更多勇气面对外在",
        "xyw": "\r\n 随身幸运符位置～钥匙圈上"
    },
    {
        "id": "2",
        "xzmc": "金牛座",
        "xzrq": "04/20 - 05/20",
        "yxqx": "2008-11-01~2008-11-30",
        "ztzs": "3",
        "ztys": "　　这个月的金牛座大致上诸事顺心。在心想事成之余，除了生活上的必要的挣扎之外，要注意身体的状况，感觉累了就要稍微休息一下，否则感到呼吸困难的时候就来不及了。这个月的你可以花一点时间研究如何安排假日的休闲生活。有情人的可以携手同游，没有对象的可以邀三五好友一起去探险，从事平常很少做的活动，改变一尘不变的生活方式，会让这个月的你会过得多采多姿喔！ ",
        "aqzs": "3",
        "aqys": "　　金牛座在月初时会不明来由的没自信，不时会疑神疑鬼。有伴的金牛趁假日时主动提出旅游计画，其实你们双方的关系一直都在稳定中，真的不需要让自己想太多，徒增烦恼。月中的时候多听听另一半的心情吐露，让热情加温。单身的金牛更不要害怕你的春天什么时候会来，只要给自己多一点自信，装扮自己，随时展现你的笑容，不用在意所有的人给你的期望，免得因为想太多而对你的爱情运减分。 ",
        "tzzs": "3",
        "tzys": "　　本月的投资部份，金牛座还是以保守为原则，不适合将金钱做大幅度的运用。月初的时候你会因为投资报酬率的不如预期，让你忽然对自己失去了信心。不过在月中之后，这样的现象会渐渐好转。虽然进帐速度缓慢，不过在景气低糜的时候能够有这样的成绩也是值得庆幸的事。此外，除了固定的消费之外，额外的开支还是能省则省吧。 ",
        "jyfs": "\r\n把不能说的秘密以文字抒发",
        "xyw": "\r\n 随身幸运符位置～皮夹内"
    },
    {
        "id": "3",
        "xzmc": "双子座",
        "xzrq": "05/21 - 06/21",
        "yxqx": "2008-11-01~2008-11-30",
        "ztzs": "3",
        "ztys": "　　这个月的双子座在工作的领域里可说是如鱼得水，所有计划的实行虽然和你的预估成效有些差距，这都不会成为你的困扰，反而更能激发你高昂的斗志。连休息的时间也不放过的你，小心因为疲劳过度影响思考的方向，做出错误的决定。月中的时候会面临人事上的冲突，你会有一气之下说出未经思考的话，让你一直经营的人缘关系出现了无人挺你的状况。 ",
        "aqzs": "3",
        "aqys": "　　因为太阳和水星渐渐远离你的爱情宫位，让你在这个月之中对于爱情的渴望指数下滑。有对象的双子，应该在忙碌的时间抽空跟另一半哈拉一下，即使是言不及义或耍耍嘴皮，都会让对方很窝心，更加离不开你。而单身的双子虽然没有另一半可以疼惜，但是要注意自己的言行举止，不可以因为与大家太熟了而展现出自以为是的老大心态，影响你的桃花缘。 ",
        "tzzs": "3",
        "tzys": "　　双子座这个月的投资理财方向要考虑清楚，月初水星在你的投资宫位受克，管理金钱的金星也在此时受土星所克。在金星持续受克到月底的情况下，在在都显示出你应该用以守为攻来做为投资的策略，不可以随心所欲地此随便投资，更不可以冒险在这个月做转进转出的动作。你以为在买卖之间可以赚进差价，却会因此而血本无归。建议你把资金存好等待黎明到来。 ",
        "jyfs": "\r\n 试着尝试不同领域的工作，让例行事务有新鲜的变化",
        "xyw": "\r\n 随身幸运符位置～项链坠子"
    },
    {
        "id": "4",
        "xzmc": "巨蟹座",
        "xzrq": "06/22 - 07/22",
        "yxqx": "2008-11-01~2008-11-30",
        "ztzs": "3",
        "ztys": "　　这个月的巨蟹座，不管是工作不顺或者是身体不舒服，都累积太多的负面情绪在心里，没有适当的释放和发泄，以致于出现了对工作的倦怠和腰间的酸痛。建议你一定要抽空舒解压力，找个时间做适当的运动，会有很大的帮助，休闲活动在这个月对你来说非常重要，不可以轻忽。除此之外更要让心情放松，凡事换个想法、转个念头，才有清楚的脑袋面对明天！ ",
        "aqzs": "8",
        "aqys": "　　太阳和火星在你的爱情宫持续发酵。本月有伴的巨蟹座因为爱情的洗礼，个个精神焕发。沟通上偶尔发生了一些口角也不会妨碍你们的关系，反而因为彼此的意见不同产生了一些火花，加速你们之间的谋合，慢慢渐进入佳境。单身的巨蟹座也不会在意寻伴的困难，可以与职场上的好友们在假日时来一场单身之旅，互相打气、提升元气、增加桃花缘。遇到喜欢的对象就要积极争取，才有机会呦！ \r\n</div>\r\n<div class=\"clear\"></div>\r\n</div>\r\n<!-- Group end -->\r\n\r\n<!-- Group start -->\r\n<div class=\"teams\">\r\n<div class=\"left\"><img src=\"http://i3.sinaimg.cn/ast/subject/2007/1227/astro_fate/pic_money2.JPG\" width=\"55\" height=\"60\" border=\"0\" /></div>\r\n<div class=\"right\">\r\n<h4>投资理财运<img src=\"http://i0.sinaimg.cn/ast/2007index/tmp/star_php/star.gif\" width=\"18\" height=\"18\" /><img src=\"http://i0.sinaimg.cn/ast/2007index/tmp/star_php/star.gif\" width=\"18\" height=\"18\" /><img src=\"http://i0.sinaimg.cn/ast/2007index/tmp/star_php/star.gif\" width=\"18\" height=\"18\" /></h4>\r\n",
        "tzzs": "3",
        "tzys": "　　这个月巨蟹座在投资理财方向应以稳扎稳打的方式进行。尤其在月初时千万不要有以小搏大的想法，冲动地做出错误的决定。等到月中时，你才会有清晰的头脑仔细思考，也较有机会在转手间赚到一些盈余。其次，工作之余的娱乐费会让你好不容易省下的钱浪费掉。能够先把你现有的资金存一些起来，再把剩余的充份使用才不会在忽然之间有捉襟见肘的情形发生。",
        "jyfs": "\r\n偶尔抛开社会期待，回到自己最爱的嗜好上",
        "xyw": "\r\n 随身幸运符位置～口袋内"
    },
    {
        "id": "5",
        "xzmc": "狮子座",
        "xzrq": "07/23 - 08/22",
        "yxqx": "2008-11-01~2008-11-30",
        "ztzs": "3",
        "ztys": "　　这个月的狮子座在工作上的表现很亮眼，但是在忙碌之余必须找时间好好休息一下，否则一不小心会呈现出放空的状况。做不完的工作切勿带回家里，让自己缺乏喘息的机会会对你的身体产生一些负担。本月的你和朋友间的关系好像鬼打墙一样，怎么样也处不好。但和家人却有较多的互动，不妨和家人来个知性之旅，出去透透气会让你更有活力。 ",
        "aqzs": "3",
        "aqys": "　　狮子座在本月的物质需求高，对于想要得到的东西总有一些坚持。有伴的狮子以自己为出发点的思考方式，容易让对方觉得不被重视，导致和另一半的相处上出现了磨擦。这个状况在月初时较为严重。单身的狮子座要考虑如何适度地包装和打扮自己，能够在任何场合中成为注目的焦点，千万不可以造成别人视觉上的不舒服，而让你的桃花指数扣分。 ",
        "tzzs": "4",
        "tzys": "&nbsp;&nbsp;&nbsp;&nbsp;因为工作稳定，财务的收支也达到一定的平衡点。但月初时会多一些娱乐性质的开销，在此时你会有些警觉，稍微收殓了一下。在经过半个月的沉寂之后，手边有足够钱的你也许会想做一些小投资，切忌做大笔资金的流动。同时也要注意不要有借贷的问题，更不要让朋友左右你本来对投资理财的基本态度和计画，以免迷失方向。 ",
        "jyfs": "\r\n 平静的独处片刻让你心智能力丰富",
        "xyw": "\r\n 随身幸运符位置～名片夹内"
    },
    {
        "id": "6",
        "xzmc": "处女座",
        "xzrq": "08/23 - 09/22",
        "yxqx": "2008-11-01~2008-11-30",
        "ztzs": "3",
        "ztys": "　　一向对自己的原则很坚持的处女座，这个月的课题是从心里改变起。在人际关系上化被动为主动，多与人沟通，让别人知道你的想法。对于你想要表达的事情也可以多一些技巧，会让你做起事来更得心应手，驾轻就熟。出门在外有不开心的事也可以和家人多聊聊，化解与家人之间不经意的磨擦。压抑会让自己更难过。 ",
        "aqzs": "5",
        "aqys": "　　本月处女座的爱情运主要还是因为你在表达上的坚持自己见。这让有伴侣的你和另一半多一些不愉快，甚至有冷战的状况发生。两个人要减少沟通的障碍就一定要从你开始。单身的处女座也要多注意自己的形象，不管你对寻找另一半的态度是否积极，平常就该留意自己说话的态度或方式，让身边的异性喜欢接近你，才会有机会桃花朵朵开。 </div>\r\n<div class=\"clear\"></div>\r\n</div>\r\n<!-- Group end -->\r\n\r\n<!-- Group start -->\r\n<div class=\"teams\">\r\n<div class=\"left\"><img src=\"http://i3.sinaimg.cn/ast/subject/2007/1227/astro_fate/pic_money2.JPG\" width=\"55\" height=\"60\" border=\"0\" /></div>\r\n<div class=\"right\">\r\n<h4>投资理财运<img src=\"http://i0.sinaimg.cn/ast/2007index/tmp/star_php/star.gif\" width=\"18\" height=\"18\" /><img src=\"http://i0.sinaimg.cn/ast/2007index/tmp/star_php/star.gif\" width=\"18\" height=\"18\" /></h4>\r\n",
        "tzzs": "2",
        "tzys": "　　本月的处女座在资金的运用上有一些施展不开的感觉，想要有突破却因为没有多余的资本可以运用，空有理财的想法却有英雄无用武之地的感慨。即使如此，你仍然有想试试看的心里，不想就这样认输。薪水稳定的你就不要做无谓的挣扎，建议你不要浪费时间在孤注一掷上，免得赔上老本。无固定薪水者更不可以想要什么就买什么，以免血本无归。",
        "jyfs": "\r\n 与老友相见，坦露郁卒吐苦水",
        "xyw": "\r\n 随身幸运符位置～手机吊饰上"
    },
    {
        "id": "7",
        "xzmc": "天秤座",
        "xzrq": "09/23 - 10/23",
        "yxqx": "2008-11-01~2008-11-30",
        "ztzs": "2",
        "ztys": "　　本月的天秤座要小心口舌之争，说话的时候必须小心翼翼。你一时高兴说了一句话无伤大雅的话，却会让别人不舒服，对你的人缘打了折扣。这个月所有做好旅行的计画都会无疾而终，想要出去走走就选择郊外踏青吧！心里有不愉快的事不要放在心上太久，会得内伤。找一个你信任的人说说你的难处，有助于你走出低潮！ ",
        "aqzs": "8",
        "aqys": "　　本月爱情运尚称普通。有伴的天秤座如胶似漆的模样实在是令人羡慕的一对。但是你们之间在一些事情上观念不同，以致于常常为了一些小事造成双方不愉快。在一起面对别人的场合时，却有强颜欢笑的挣扎。单身的天秤座要尽情享受一个人自由自在、快乐的生活。这个月你的桃花运很强，把握聚会的场合，自然不作做的表现自己，会让大家有惊艳的感觉。 </div>\r\n<div class=\"clear\"></div>\r\n</div>\r\n<!-- Group end -->\r\n\r\n<!-- Group start -->\r\n<div class=\"teams\">\r\n<div class=\"left\"><img src=\"http://i3.sinaimg.cn/ast/subject/2007/1227/astro_fate/pic_money2.JPG\" width=\"55\" height=\"60\" border=\"0\" /></div>\r\n<div class=\"right\">\r\n<h4>投资理财运<img src=\"http://i0.sinaimg.cn/ast/2007index/tmp/star_php/star.gif\" width=\"18\" height=\"18\" /><img src=\"http://i0.sinaimg.cn/ast/2007index/tmp/star_php/star.gif\" width=\"18\" height=\"18\" /><img src=\"http://i0.sinaimg.cn/ast/2007index/tmp/star_php/star.gif\" width=\"18\" height=\"18\" /><img src=\"http://i0.sinaimg.cn/ast/2007index/tmp/star_php/star.gif\" width=\"18\" height=\"18\" /></h4>\r\n",
        "tzzs": "4",
        "tzys": "　　天秤座这个月的进帐稳定，你多半不用去考虑钱不够用的问题。但重要的是如何花钱，不可以一时冲动买了名牌，把这个月的财运一次用完。应该思考如何让自己生活上的基本需求不匮乏，生活品质好了，就能累积的财富。钱花得刚刚好才会让自己变成有钱人。这个月你还会一时兴起，想小赌一下。建议你撑一下想要赌的心，免得后悔。可不要不信邪喔！ ",
        "jyfs": "\r\n 参加社交宴会活动",
        "xyw": "\r\n 随身幸运符位置～包包内"
    },
    {
        "id": "8",
        "xzmc": "天蝎座",
        "xzrq": "10/24 - 11/22",
        "yxqx": "2008-11-01~2008-11-30",
        "ztzs": "4",
        "ztys": "　　本月的天蝎座表现得很亮眼，脸上多了更多的自信，自己想做的事也更有魄力。唯一的缺点是会被别人在你背后的闲言闲语影响。大家都以为你这样的改变是有目地的，几次的沟通与反驳之后却有越描越黑的情形，只要勇敢做自己，不用去理会就好。一些合作的事务上，会在签约的当下出现了不可预期的变化，造成一些遗憾，就当做一次失败的警惕吧！ ",
        "aqzs": "3",
        "aqys": "　　这个月天蝎座爱情运在整体来说不是最好的。有伴侣的天蝎座两个人在相处上难免有一些不愉快，一定要把话讲开。长辈的意见也是让你们生活上出现隔阂的原因，拉下脸先说句话，由你打破僵局来化解危机吧！单身的天蝎座在这个月觉得做自己最重要，需不需要有另一半一点都不在意。对于暗恋你或追求你的人，你也会避而远之，深怕他们会打搅你自由自在的生活。 ",
        "tzzs": "3",
        "tzys": "　　本月的投资理财对天蝎座来说有一种时不我予的感觉，明明就很有理财的观念，明明就有很棒的投资嗅觉，却在下注时因为你的自以为是，忽略了市场的不稳定，害了自己。如果把投资的钱拿一小部份转成定存，把它提升为稳定的资金，等比加总才会慢慢让财富累积。千万不要执着于一直以来的自信。",
        "jyfs": "\r\n 出国旅游让你开展心胸",
        "xyw": "\r\n 随身幸运符位置～随身挂牌夹内"
    },
    {
        "id": "9",
        "xzmc": "射手座",
        "xzrq": "11/23 - 12/21",
        "yxqx": "2008-11-01~2008-11-30",
        "ztzs": "3",
        "ztys": " 　　射手座除了一贯直言的个性之外，本月份在与人相处时忘记了分寸，以致于造成很多的误会。而你大部份的时间里，却不喜欢和别人交谈，给人一种不合群的感觉。工作的时候会因为你的固执不知变通，把老板的要求当做耳边风，让你的评价一落千丈。建议你在休息的时候读一些书让你的心情平静，好好思考为什么会因为自己而造成别人的不便。",
        "aqzs": "9",
        "aqys": " 　　在这个月射手座的爱情运就整体而言，算是不错的。有伴侣的射手座以自己的方式去爱人，却不去了解对方的真正需要。当对方提出你应该改进的要求时，却被你用四两拨千斤的方式让对方看不要预期的希望，便对你有诸多的怨言。单身的射手座一定要好好修正漫不经心的言行，想要让人刮目相看、让桃花滚滚而来，就不可以再有自以为是的活生活态度了。 </div>\r\n<div class=\"clear\"></div>\r\n</div>\r\n\r\n<!-- Group end -->\r\n\r\n\r\n<!-- Group start -->\r\n<div class=\"teams\">\r\n<div class=\"left\"><img src=\"http://i3.sinaimg.cn/ast/subject/2007/1227/astro_fate/pic_money2.JPG\" width=\"55\" height=\"60\" border=\"0\" /></div>\r\n<div class=\"right\">\r\n<h4>投资理财运<img src=\"http://i0.sinaimg.cn/ast/2007index/tmp/star_php/star.gif\" width=\"18\" height=\"18\" /><img src=\"http://i0.sinaimg.cn/ast/2007index/tmp/star_php/star.gif\" width=\"18\" height=\"18\" /><img src=\"http://i0.sinaimg.cn/ast/2007index/tmp/star_php/star.gif\" width=\"18\" height=\"18\" /><img src=\"http://i0.sinaimg.cn/ast/2007index/tmp/star_php/star.gif\" width=\"18\" height=\"18\" /></h4>\r\n",
        "tzzs": "4",
        "tzys": "　　这个月射手座的财运不错，你所投资的项目都有回收，就算是小小一笔进帐也可以让你开心得像飞到天堂一样。但千万不可得意忘形，要把赚到的钱收好，一不小心就会被朋友连哄代骗的让你成为大爷，花掉你的积蓄，让你欲哭无泪。月中之后的财运就会慢慢下滑，只要守住进帐的数字，不要做特别费用的支出，这个月就衣食不缺了。 ",
        "jyfs": "\r\n 接触神秘学让你面对自己深层的需求 ",
        "xyw": "\r\n 随身幸运符位置～钱包内"
    },
    {
        "id": "10",
        "xzmc": "魔羯座",
        "xzrq": "12/22 - 01/19",
        "yxqx": "2008-11-01~2008-11-30",
        "ztzs": "3",
        "ztys": " 　　应该要充满自信的摩羯座，在这个月却让工作上的不顺对自己稍微失去了信心。又因为工作的疲累，使你内分秘失调，身体出现了不舒服的现象。你一定要调整作息，能够找到人帮忙的部份就放手，别人一定很乐意帮忙的。与家人相处融洽的你也可以将工作上的烦心摆在一边，和家人去发掘一些美食景点，心情放松了才更有活力面对未来。",
        "aqzs": "2",
        "aqys": "　　爱情运是这个月摩羯座的弱点。有伴侣的摩羯座和另一半在生活上产生了一些小磨擦，平常一拍即合的想法，却在这个月出现了斤斤计较的现象，沟通上缺乏了共识，让对方觉得和你在一起变得好累。单身的摩羯座让周遭的事务搞得很烦心，相对让你的脸部表情出现了僵硬的感觉，如果你能够把这些不顺利以轻松的心情面对，才有好气色吸引到喜欢你的异性。 ",
        "tzzs": "3",
        "tzys": "　　本月的摩羯座财运还算可以，不管是正财还是偏财都要把进口袋的钱收好，千万别随便投资。听见有赚钱的机会，不要冲动，一旦你的直觉告诉你哪些是不可靠的传言或消息时，千万不要冒然跟进以免偷鸡不着拾把米，得不偿失。这个月还会有好友提出向你借钱的要求，要看自己的能力是否足够。情义相挺是一件好事，但是可不要为了顾面子，答应之后无法做到而后悔。 ",
        "jyfs": "\r\n 请朋友、另一半多称赞你，增加内心自信",
        "xyw": "\r\n 随身幸运符位置～记事本内"
    },
    {
        "id": "11",
        "xzmc": "水瓶座",
        "xzrq": "01/20 - 02/18",
        "yxqx": "2008-11-01~2008-11-30",
        "ztzs": "3",
        "ztys": "　　习惯旁观的水瓶座这个月热心助人，看到朋友需要帮忙的时候便义不容辞地挺身而出，却得到吃力不讨好的遗憾，不仅得不到感激，反而被嫌弃帮了倒忙。使你慢慢地改变自己的方向，凡事不急着马上解决，先看清楚状况再说。在事业运方面，打好人际关系是你本月的课题。和同事或上司沟通无障碍，会让你做起事来得心应手。",
        "aqzs": "2",
        "aqys": "　　这个月忙碌的水瓶座不论是为朋友两肋插刀，或是打拼事业疲于奔命。有伴侣的你忽略了另一半给你的关心。你认为对方的关心造成你的负担，你们之间出现了冷战。虽然床头吵床尾可以合，但多次的磨擦仍然会造成某种程度的伤害。单身的水瓶座遇到心仪的异性记得面带微笑，有压力的时候可以找个机会与他分享你的小小不愉快，会因为得到同情分数让你的爱情运越来越旺。 ",
        "tzzs": "3",
        "tzys": " 　　本月的水瓶座对于投资理财这方面出现了消极的态度，懒懒的你不想去理会赚不赚钱这件事。你的事业运旺，财运平顺，根本无需担心财运状况。只要没有太大的花钱欲望，你所赚到的钱绝对是够用的。也许你会为了讨好另一半，花一点钱让对方心花怒放，这是无可厚非的。但是切勿做太大的运用，否则你会措手不及，出现了一瞬间没有钱可以用的窘境了。",
        "jyfs": "\r\n 规律的运动帮你代谢掉工作的毒素",
        "xyw": "\r\n 随身幸运符位置～化妆包内或附于随身镜子侧"
    },
    {
        "id": "12",
        "xzmc": "双鱼座",
        "xzrq": "02/19 - 03/20",
        "yxqx": "2008-11-01~2008-11-30",
        "ztzs": "3",
        "ztys": " 　　\r\n\r\n\r\n 也许是季节的转变，也许是天气的变化无常，让本来就容易不安的双鱼座，在这个月发现自己常常处于脑袋空空的状态，不知道要做什么，更不知道要如何面对自己阴情不定的心情，还以为自己得了忧郁症呢！此时的你千万不要躲起来，身边的所有朋友都是你的贵人，吃饭聊天来当做苦闷生活的调剂会对你有帮助。但是千万不要因此次让自己堕落，藉酒浇愁只会更愁喔！",
        "aqzs": "8",
        "aqys": "　　这个月的双鱼座总有一种话到嘴边说不出口的感觉。有伴侣的你让对方战战兢兢的插不上手帮助你，更不知道该如何面对你，深怕多说一句话，都会影响你接下来的思考。解铃还需系铃人，不要把两人的相处搞僵了。单身的双鱼座给人一种忧郁的气质，让人产生一种怜惜的感觉，很想帮助你走出阴霾。一旦喜欢你的人知道你是无病呻吟时，就会离你而去了。 </div>\r\n<div class=\"clear\"></div>\r\n</div>\r\n<!-- Group end -->\r\n\r\n<!-- Group start -->\r\n<div class=\"teams\">\r\n<div class=\"left\"><img src=\"http://i3.sinaimg.cn/ast/subject/2007/1227/astro_fate/pic_money2.JPG\" width=\"55\" height=\"60\" border=\"0\" /></div>\r\n<div class=\"right\">\r\n<h4>投资理财运<img src=\"http://i0.sinaimg.cn/ast/2007index/tmp/star_php/star.gif\" width=\"18\" height=\"18\" /><img src=\"http://i0.sinaimg.cn/ast/2007index/tmp/star_php/star.gif\" width=\"18\" height=\"18\" /><img src=\"http://i0.sinaimg.cn/ast/2007index/tmp/star_php/star.gif\" width=\"18\" height=\"18\" /></h4>\r\n",
        "tzzs": "4",
        "tzys": "　　\r\n\r\n\r\n 本月的双鱼座你花钱的前提就是放纵自己去吃喝玩乐，藉此放松心情。当然就因此而让你的财运出现了的危机。无力挽回之余，也许你会想把钱放在好朋友的私人财库帮你保管，却没想到人心的险恶，你唯一的一笔钱就这样拿不回来了。为了自己这个月的民生问题，不应该把花钱当做吃饭一样，找到更好的发泄方式，才不会得了花钱不懂得节制的症状。</div>\r\n<div class=\"clear\"></div>\r\n</div>\r\n<!-- Group end -->\r\n\r\n<!-- Group start -->\r\n<div class=\"teams bg\">\r\n<div class=\"left\"><img src=\"http://i2.sinaimg.cn/ast/subject/2007/1227/astro_fate/pic_press.JPG\" width=\"55\" height=\"60\" border=\"0\" /></div>\r\n<div class=\"right\">\r\n<h4>解压方式</h4>\r\n",
        "jyfs": "\r\n 看看艺术展览，吸收美好事物的正面能量",
        "xyw": "\r\n 随身幸运符位置～袋内夹层中"
    }
]