[
    {
        "id": "1",
        "xzmc": "牡羊座",
        "xzrq": "03/21 - 04/19",
        "yxqx": "2008-12-20~2008-12-26",
        "title": "对情人要好的一周",
        "ztzs": "4",
        "ztys": "工作你有专业知识，并且可说是相当熟悉，但爱情你可要多多学习，不要用太严谨的态度对待情人，要多宽容一些会比较好，两人感情也才会加温。",
        "aqzs1": "3",
        "aqys1": "恋爱中的情侣吵架难免，但是不会影响感情，如果经济方面不是问题建议你可考虑一下开始计划未来，也可以让对方安心。",
        "aqzs2": "3",
        "aqys2": "容易和朋友因为金钱的问题起摩擦，请多考虑友谊和金钱的价值，不要太过意气用事，也不要冲动就把友谊变的难以处理。",
        "jkzs": "3",
        "jkys": "身体要多注意，容易出现头痛所引起的疾病。而在肠胃方面，要吃清淡不要太过暴饮暴食，也不要吃太过油腻的食物。",
        "gzzs": "2",
        "gzys": "凡事多花一点心思，工作上很多事情可以解决，但是需要你稍微低姿态会比较好，小心可能会与上司相处不好，要多多冷静，不要发脾气。",
        "xyzs": "4",
        "xyys": "选择一张小卡片，写一些情话，或是做一些贴心的小动作，都会让你的另一半开心不已，也更增添彼此情趣喔！",
        "hxri": "\n1221",
        "hxsm": "\r\n新的工作有希望，也可以有新挑战，今天将是应徵或是求职，多注意说话态度即可。",
        "hmri": "\n1222",
        "hmsm": "\r\n虽然两人感情稳定，但是不要不珍惜，提醒你到手的幸福也是会很快溜走的。"
    },
    {
        "id": "2",
        "xzmc": "金牛座",
        "xzrq": "04/20 - 05/20",
        "yxqx": "2008-12-20~2008-12-26",
        "title": "要让自己心平气和的一周",
        "ztzs": "2",
        "ztys": "避免心情起伏过大，压力虽然一直都有，但如何排遣很重要。不要因为工作压力而伤家人以及情人感情，这是相当划不来的",
        "aqzs1": "3",
        "aqys1": "你有企图心和野心，也有很好的能力，所以工作也很认真，但最近放太多心思在工作方面，有忽略另一半的状况容易发生。",
        "aqzs2": "4",
        "aqys2": "可能遇到感情对象的机会多多，只要你愿意打开心房，很多机会都在等你，尤其最近容易有好对象，建议你多去观察。",
        "jkzs": "2",
        "jkys": "憋尿会造成膀胱方面的问题，所以要多喝水外，如果想要上厕所时要去，不要变成习惯性忍耐，对身体的影响其实是相当大的。",
        "gzzs": "4",
        "gzys": "你会获得更多对你工作上的好机会，同时很多人都会主动想要你帮忙，你的想法会实现，相当令你骄傲！",
        "xyzs": "2",
        "xyys": "不要所有一切都只在乎自己感受，也要多多替对方设想他的感觉，才能让彼此关系更和谐喔。",
        "hxri": "\n1223",
        "hxsm": "\r\n爱情如意，可以和暗恋的他多说一些话，也可以接近他，让你们之间的距离更加拉近。",
        "hmri": "\n1224",
        "hmsm": "\r\n感觉很多事情都不顺心，尤其自己也特别烦心金钱问题，让你一天都很心烦。"
    },
    {
        "id": "3",
        "xzmc": "双子座",
        "xzrq": "05/21 - 06/21",
        "yxqx": "2008-12-20~2008-12-26",
        "title": "容易发生误会的一周",
        "ztzs": "3",
        "ztys": "各方面所承受的压力越来越大，还好自己还可以承受，但与朋友相处一定要多注意，小人增加但大部分是误会，不用太过在意。",
        "aqzs1": "5",
        "aqys1": "有伴的你，会与爱人甜蜜约会，甚至在工作中，也会时常思念你的情人，也有机会一起规划将来的梦想。",
        "aqzs2": "3",
        "aqys2": "小心一些莫名的小人或流言等问题，但是会有意中人出现，可以多花一些时间多多的观察，尽量将很多小事情都观察好才主动出击邀约。",
        "jkzs": "5",
        "jkys": "你的精神状态愉悦，心情稳定和越来越懂得让自己平静，不会轻易动怒，也不会随便就开始乱发脾气。",
        "gzzs": "4",
        "gzys": "工作方面让自己开心，不要在意小人的问题，其实你很有工作能力，也非常得老板欣赏，所以不要太在意别人的无谓想法。",
        "xyzs": "4",
        "xyys": "多体贴对方，帮他按摩一下抒解压力，你会发现两人之间的距离更靠近，也会更佳甜蜜喔。",
        "hxri": "\n1222",
        "hxsm": "\r\n可以遇到一些朋友相谈甚欢，也因此抒解了你的工作压力，爱情方面也很甜蜜蜜。",
        "hmri": "\n1225",
        "hmsm": "\r\n爱情和你想像的期望不大一样，所以有些失落以及沮丧，也感觉不大想要见到对方。"
    },
    {
        "id": "4",
        "xzmc": "巨蟹座",
        "xzrq": "06/22 - 07/22",
        "yxqx": "2008-12-20~2008-12-26",
        "title": "桃花增加许多机会的一周",
        "ztzs": "5",
        "ztys": "会有很多意外的桃花机会，你所谈得来的对象有一些外，还可以认识到你喜欢类型的对象，可以多试著展现你的个人开朗笑容魅力喔！",
        "aqzs1": "3",
        "aqys1": "记得凡事不要在意谁是错误较多的，用耐心多替对方著想，多听取长辈和朋友的意见，不要太固执自我的脾气和想法。",
        "aqzs2": "4",
        "aqys2": "不如请个假期让自己好好休息度假！最近朋友运不错，和朋友以及异性之间的互动机会多多，可以遇到很聊的来的对象喔。",
        "jkzs": "3",
        "jkys": "小心一些莫名的小病痛不要轻易就忽略！如果要进行运动要多注意运动伤害，事先的暖身是不可以忽略的，千万不可以偷懒喔！",
        "gzzs": "3",
        "gzys": "工作繁忙但大多是在原地打转，让你感觉自己有一些没效率，但是又无力改变，复杂的心情让你想要休假，暂时抛开工作和烦恼的事。",
        "xyzs": "3",
        "xyys": "最近和他一起时，不妨可以找时间在家中聊天，问问对方最近的心情起伏，都可以让对方感受到你的柔情和体贴喔。",
        "hxri": "\n1222",
        "hxsm": "\r\n心情愉快，同时金钱运佳，如果有不错的投资计划，可以找朋友一同商量一下。",
        "hmri": "\n1224",
        "hmsm": "\r\n感觉爱情就像是走到了尽头，不知下一步该如何，也对现状有些无奈和感叹。"
    },
    {
        "id": "5",
        "xzmc": "狮子座",
        "xzrq": "07/23 - 08/22",
        "yxqx": "2008-12-20~2008-12-26",
        "title": "要谨慎做任何决定的一周",
        "ztzs": "2",
        "ztys": "多多听大家的意见，不要太过於急著决定任何事，也千万不要因为别人的催促而快下决定，对你来说现在处境比较不利。",
        "aqzs1": "6",
        "aqys1": "爱情顺心，可以设计一个浪漫的约会，让对方感受你对他的爱情永远不会改变。<br />\r\n，加上你最近如果更体贴情人，相信他会更加爱你喔。<br />\r\n",
        "aqzs2": "5",
        "aqys2": "对想找寻爱情的你来说，好运挡都挡不住，所以多和好友一同去旅游，或参加一些休闲娱乐活动，将有不错的对象出现喔。",
        "jkzs": "4",
        "jkys": "身体算是很不错，只不过需要经常运动，不然的话，很容易出现肥胖或是下半身浮肿的状况喔",
        "gzzs": "6",
        "gzys": "事业、工作、财运及感情皆渐入好运，可以快速向你的目标迈进一大步。<br />\r\n但容易起摩擦，心情低落时请多忍耐，不要太固执己见和乱发脾气。<br />\r\n",
        "xyzs": "3",
        "xyys": "感情是需要慢慢累积的，有时候让对方感受你的贴心，他一定会给你更多爱情喔。",
        "hxri": "\n1224",
        "hxsm": "\r\n目前有工作的你，会发展到不错的层次，对你来说工作不是赚钱而是一种挑战！",
        "hmri": "\n1221",
        "hmsm": "\r\n与情人相处多争执，不要太多意见和主观，就可减少很多争吵，和气很重要。"
    },
    {
        "id": "6",
        "xzmc": "处女座",
        "xzrq": "08/23 - 09/22",
        "yxqx": "2008-12-20~2008-12-26",
        "title": "将有贵人来替你解忧的一周",
        "ztzs": "4",
        "ztys": "贵人运很强，适度寻求亲友协助可减少困难，而另一半就是最好的贵人，建议你多听听他的想法，毕竟他是最了解你的人。",
        "aqzs1": "4",
        "aqys1": "心情不错感觉自己桃花运旺盛，同时情人对你疼爱有加，心情好到想要多和朋友分享，但要多注意朋友的心情，不要太过夸耀喔。",
        "aqzs2": "4",
        "aqys2": "异性缘相当好，容易因自己心情不好就迁怒到朋友，建议你好好把握朋友所带来的重要讯息相信对你的追求会有不错的帮助。",
        "jkzs": "3",
        "jkys": "保持规律的生活，多注意身体的保健和饮食，慎防慢性病和旧病复发，同时也要注意呼吸系统的问题，还要注意开车，预防血光之灾。",
        "gzzs": "3",
        "gzys": "好不容易完成工作,可以好好犒赏自己一下，但过於呼略加人，家人或情人之间的冲突小心会越来越严重",
        "xyzs": "4",
        "xyys": "今天下班前不妨打通电话给亲爱的他，说一些甜言蜜语，下班时他肯定在家开心的等待你喔。",
        "hxri": "\n1222",
        "hxsm": "\r\n一些活动可以让你扩展人际关系，财运方面也很不错，收入方面将大大好转。",
        "hmri": "\n1223",
        "hmsm": "\r\n情绪变得低落，容易一直往不好的地方想，也没有轻松的时间，一直忙碌於工作当中。"
    },
    {
        "id": "7",
        "xzmc": "天秤座",
        "xzrq": "09/23 - 10/23",
        "yxqx": "2008-12-20~2008-12-26",
        "title": "心情愉悦轻松过日的一周",
        "ztzs": "5",
        "ztys": "压力慢慢解除。很多事情都可以顺你的心意，心情良好，可以多关心家人及享受他们给你的支持，这会让你更开心喔。",
        "aqzs1": "2",
        "aqys1": "要注意爱情关系有吵架的危机，如能渡过这一考验时段，未来更能好好沟通想法。尤其是在争吵时不要随便乱说话。",
        "aqzs2": "3",
        "aqys2": "虽然你外表随和，但私底下很有自己的原则，相当好强，但是你也不会轻易附和他人的意见，可说是做事很有主见的人",
        "jkzs": "3",
        "jkys": "小心饮食及多作运动，特别是那些帮助放松心情的运动，多听一些音乐也可帮助你的健康。 ",
        "gzzs": "4",
        "gzys": "人脉经营可说是最近的重点所在，这方面对於你的将来发展也有莫大的帮助。在和同事相处方面有进步，也能够遇到许多贵人来主动帮助你。",
        "xyzs": "3",
        "xyys": "心情不好时，向亲爱的他倾吐心声，不但可以抒压，也可以让他感受到你重视他喔。",
        "hxri": "\n1223",
        "hxsm": "\r\n人际关系很不错，人缘和长辈缘都很好。工作让你感到开心，很有挑战的感觉。",
        "hmri": "\n1221",
        "hmsm": "\r\n不要胡思乱想，要把目标放远一点，对於工作中的争执有一些感到疲惫。"
    },
    {
        "id": "8",
        "xzmc": "天蝎座",
        "xzrq": "10/24 - 11/22",
        "yxqx": "2008-12-20~2008-12-26",
        "title": "金钱运相当旺盛的一周",
        "ztzs": "5",
        "ztys": "工作和其他方面的活动都增加，相当有助你建立广大的人脉 。建议你多多加强沟通，并且工作方面也有进步，你将会财源不断喔。",
        "aqzs1": "4",
        "aqys1": "有对象的你，会很注重彼此的想法，也会多多关心对方，两人的感情有更好的提升，也会想要开始慢慢共同建筑双方的未来，是一个好现象！",
        "aqzs2": "4",
        "aqys2": "你和暗恋的对象在一起相处的机会将会增加，双方的话题也会越来越多，你们将会比以前更了解对方，同时也更有好感。",
        "jkzs": "4",
        "jkys": "身体算是很不错，只不过需要经常做一些户外运动，不然的话，很容易出现疲累或是水肿，所以保持良好的新陈代谢是很重要的。",
        "gzzs": "3",
        "gzys": "最近常感觉疲惫其实不只是身体，心领也需要偶而休息喔！找个时间放松一下，重新出发你会更好喔！",
        "xyzs": "4",
        "xyys": "偶而在约会时表现狂野一点，让他看到不同的你，会让彼此趣味增加不少喔。",
        "hxri": "\n1222",
        "hxsm": "\r\n财务状况多半不会大赚但也不会赔的太厉害，但却可以让你学习到很多经验。",
        "hmri": "\n1223",
        "hmsm": "\r\n作事效率变得不佳，会因为情绪而造成工作上的阻碍。要多注意一下喔。"
    },
    {
        "id": "9",
        "xzmc": "射手座",
        "xzrq": "11/23 - 12/21",
        "yxqx": "2008-12-20~2008-12-26",
        "title": "注意别忽略细节的一周",
        "ztzs": "2",
        "ztys": "最近如果有莫名的小病痛，建议你不要轻易就忽略！如果要进行运动要多注意运动伤害，事先的暖身是不可以忽略的，千万不可以偷懒喔！",
        "aqzs1": "3",
        "aqys1": "适合跟另一半或家人共同讨论事业，这样可以让你事业家庭兼顾，更加融洽之外，也可以多让他了解你的工作。",
        "aqzs2": "3",
        "aqys2": "金钱多花费在休闲与玩乐方面，所以虽有不错的收入但几乎和好友外出都花光，这样可不是一个好现象喔！",
        "jkzs": "3",
        "jkys": "在饮食方面要注意均衡饮食，相信会有更好的健康。吃东西不要暴饮暴食或是过度偏食，而是要多摄取对身体有帮助的营养。",
        "gzzs": "2",
        "gzys": "过多的担心会让自己陷入忙碌之中，应该要多加思考选择自己可以加以处理的部分来做处理。千万不要太过於担心。",
        "xyzs": "2",
        "xyys": "不要太过在意琐碎小事，这样在相处时会破坏浪漫气氛，也会影响情人间的生活喔！",
        "hxri": "\n1221",
        "hxsm": "\r\n和另一半热情如火，彼此感情越来越亲密。恋爱状况很安稳，不容易有争执出现。",
        "hmri": "\n1225",
        "hmsm": "\r\n身体上如果感到有些病痛的症状，要早一点及时处理。有时间就多休息，不要让自己太过辛苦。"
    },
    {
        "id": "10",
        "xzmc": "魔羯座",
        "xzrq": "12/22 - 01/19",
        "yxqx": "2008-12-20~2008-12-26",
        "title": "恋爱让你开心不已的一周",
        "ztzs": "3",
        "ztys": "本周将可以享受恋爱的乐趣，也能和与伴侣共同享受约会。但要注意与你的朋友，不要透露太过自己的事情让别人八卦喔。",
        "aqzs1": "2",
        "aqys1": "感觉自己无心再经营，似乎有疲倦的心情，想要自己独处也想要多和朋友外出谈心，对另一半也会容易有怨言，容易起争执要小心。",
        "aqzs2": "4",
        "aqys2": "许多朋友会给你很好的建议，时间点一到你会自己想清楚。所以不要令自己陷入钻牛角的状况当中。<br />\r\n",
        "jkzs": "4",
        "jkys": "身体算是很不错，只不过需要经常做一些户外运动，不然的话，很容易出现疲累或是水肿，所以保持良好的新陈代谢是很重要的。",
        "gzzs": "4",
        "gzys": "与同事相处不错，但在各种人际关系上，都应该建立起更为良性的互动！。遇到困难不要过急，按步就班，就可以获得你该获得的好成绩！",
        "xyzs": "4",
        "xyys": "可在下班时买一些美丽的玫瑰，并且让另一半今晚不要做任何家事，好好享受一下属於你们之间的夜晚。",
        "hxri": "\n1226",
        "hxsm": "\r\n社交运不错，容易有一些不错的对象出现，让你有想要谈恋爱的感觉。",
        "hmri": "\n1225",
        "hmsm": "\r\n爱情会有小小不顺，但不必太在意！不过要注意和家人相处的时间要尽量多些才好。"
    },
    {
        "id": "11",
        "xzmc": "水瓶座",
        "xzrq": "01/20 - 02/18",
        "yxqx": "2008-12-20~2008-12-26",
        "title": "朋友会带给你压力的一周",
        "ztzs": "2",
        "ztys": "朋友对你来说虽然很重要，但是自己也很重要，最近很容易因为太多朋友聚会而让你有些压力，好像都变成朋友倾吐的垃圾桶，自己反而无法减压。",
        "aqzs1": "4",
        "aqys1": "爱情运佳，不但和朋友之间相处融洽，还有机会认识到许多不同领域的新朋友外，人气指数也是直线上升。",
        "aqzs2": "2",
        "aqys2": "与人交谈时要多注意，乱说话的代价将会很惨重喔！所以不要太粗心不然很容易得罪到新认识的朋友。",
        "jkzs": "2",
        "jkys": "压力多多，可做些运动减压。很多事情不要想太多，要保持心情稳定，维持良好的生活作息和睡眠才是最好的。",
        "gzzs": "3",
        "gzys": "你在人际关系方面的运势很好，有机会可以多参加平常不会去的聚会，结交一些新朋友，让自己拓展不同於以往的生活圈。",
        "xyzs": "3",
        "xyys": "不要只是每天都重复做相同的事情，偶而应该变个花样，例如外出吃饭，感受一下恋爱的气氛喔。",
        "hxri": "\n1224",
        "hxsm": "\r\n在朋友中相当受到注意，但是还是要多多在意朋友，不能太过自我。",
        "hmri": "\n1225",
        "hmsm": "\r\n爱情方面，你的运势要多努力，许多地方都会被情人找麻烦，让你烦闷不已。"
    },
    {
        "id": "12",
        "xzmc": "双鱼座",
        "xzrq": "02/19 - 03/20",
        "yxqx": "2008-12-20~2008-12-26",
        "title": "受到大家欢迎和喜爱的一周",
        "ztzs": "2",
        "ztys": "在许多场合里，你的异性缘相当好。但其实你真正在乎的他，却偶而对你不理不睬，让你感觉身心俱疲，建议你不要太在意，以免坏了心情。",
        "aqzs1": "4",
        "aqys1": "对对方的好你渐渐可以感受到，其实两人的亲密也可以偶而放个假，建议你也要让他有自己空间，两人感情将会更快速成长。",
        "aqzs2": "5",
        "aqys2": "你感到内在的信心越来越强。所以这也是非常好的时期，去开始一个新的计划同时也要记得要多观察身边对你好的人喔！<br />\r\n",
        "jkzs": "4",
        "jkys": "心灵的健康和身体是息息相关的，你要更加重视内在心灵的部分，常常保持愉快的心情，对你整体来说都是很好的。",
        "gzzs": "4",
        "gzys": "生性喜好赚钱的你，虽然喜欢理财，但是除了要开源外，也相当懂得节流，不过本周金钱运不错，各方面也表现良好喔！",
        "xyzs": "3",
        "xyys": "不要回到家後还不停想工作的事情，最好多多倾听，家人需要你的关心，另一半也很需要你的甜言蜜语喔。",
        "hxri": "\n1225",
        "hxsm": "\r\n要多为他人想想，也要多听听别人的心情，你会感觉人际关系更好了喔！",
        "hmri": "\n1223",
        "hmsm": "\r\n和朋友容易因为小事而争持，但其实最重要是要心想想争吵有何意义，不然只会让友谊变质。"
    }
]