[
    {
        "ID": "1",
        "yue": "1",
        "ri": "1",
        "shi": "-0.0525"
    },
    {
        "ID": "2",
        "yue": "1",
        "ri": "2",
        "shi": "-0.0605"
    },
    {
        "ID": "3",
        "yue": "1",
        "ri": "3",
        "shi": "-0.0683"
    },
    {
        "ID": "4",
        "yue": "1",
        "ri": "4",
        "shi": "-0.0758"
    },
    {
        "ID": "5",
        "yue": "1",
        "ri": "5",
        "shi": "-0.0867"
    },
    {
        "ID": "6",
        "yue": "1",
        "ri": "6",
        "shi": "-0.0908"
    },
    {
        "ID": "7",
        "yue": "1",
        "ri": "7",
        "shi": "-0.0983"
    },
    {
        "ID": "8",
        "yue": "1",
        "ri": "8",
        "shi": "-0.1055"
    },
    {
        "ID": "9",
        "yue": "1",
        "ri": "9",
        "shi": "-0.1125"
    },
    {
        "ID": "10",
        "yue": "1",
        "ri": "10",
        "shi": "-0.1195"
    },
    {
        "ID": "11",
        "yue": "1",
        "ri": "11",
        "shi": "-0.1263"
    },
    {
        "ID": "12",
        "yue": "1",
        "ri": "12",
        "shi": "-0.133"
    },
    {
        "ID": "13",
        "yue": "1",
        "ri": "13",
        "shi": "-0.1395"
    },
    {
        "ID": "14",
        "yue": "1",
        "ri": "14",
        "shi": "-0.1458"
    },
    {
        "ID": "15",
        "yue": "1",
        "ri": "15",
        "shi": "-0.152"
    },
    {
        "ID": "16",
        "yue": "1",
        "ri": "16",
        "shi": "-0.1578"
    },
    {
        "ID": "17",
        "yue": "1",
        "ri": "17",
        "shi": "-0.1637"
    },
    {
        "ID": "18",
        "yue": "1",
        "ri": "18",
        "shi": "-0.1692"
    },
    {
        "ID": "19",
        "yue": "1",
        "ri": "19",
        "shi": "-0.1745"
    },
    {
        "ID": "20",
        "yue": "1",
        "ri": "20",
        "shi": "-0.1797"
    },
    {
        "ID": "21",
        "yue": "1",
        "ri": "21",
        "shi": "-0.1967"
    },
    {
        "ID": "22",
        "yue": "1",
        "ri": "22",
        "shi": "-0.1895"
    },
    {
        "ID": "23",
        "yue": "1",
        "ri": "23",
        "shi": "-0.1938"
    },
    {
        "ID": "24",
        "yue": "1",
        "ri": "24",
        "shi": "-0.1983"
    },
    {
        "ID": "25",
        "yue": "1",
        "ri": "25",
        "shi": "-0.2022"
    },
    {
        "ID": "26",
        "yue": "1",
        "ri": "26",
        "shi": "-0.2062"
    },
    {
        "ID": "27",
        "yue": "1",
        "ri": "27",
        "shi": "-0.2097"
    },
    {
        "ID": "28",
        "yue": "1",
        "ri": "28",
        "shi": "-0.2163"
    },
    {
        "ID": "29",
        "yue": "1",
        "ri": "29",
        "shi": "-0.2195"
    },
    {
        "ID": "30",
        "yue": "1",
        "ri": "30",
        "shi": "-0.222"
    },
    {
        "ID": "31",
        "yue": "1",
        "ri": "31",
        "shi": "-0.227"
    },
    {
        "ID": "32",
        "yue": "2",
        "ri": "1",
        "shi": "-0.2288"
    },
    {
        "ID": "33",
        "yue": "2",
        "ri": "2",
        "shi": "-0.2305"
    },
    {
        "ID": "34",
        "yue": "2",
        "ri": "3",
        "shi": "-0.2322"
    },
    {
        "ID": "35",
        "yue": "2",
        "ri": "4",
        "shi": "-0.2367"
    },
    {
        "ID": "36",
        "yue": "2",
        "ri": "5",
        "shi": "-0.2467"
    },
    {
        "ID": "37",
        "yue": "2",
        "ri": "6",
        "shi": "-0.2358"
    },
    {
        "ID": "38",
        "yue": "2",
        "ri": "7",
        "shi": "-0.2363"
    },
    {
        "ID": "39",
        "yue": "2",
        "ri": "8",
        "shi": "-0.237"
    },
    {
        "ID": "40",
        "yue": "2",
        "ri": "9",
        "shi": "-0.2372"
    },
    {
        "ID": "41",
        "yue": "2",
        "ri": "10",
        "shi": "-0.2375"
    },
    {
        "ID": "42",
        "yue": "2",
        "ri": "11",
        "shi": "-0.2372"
    },
    {
        "ID": "43",
        "yue": "2",
        "ri": "12",
        "shi": "-0.237"
    },
    {
        "ID": "44",
        "yue": "2",
        "ri": "13",
        "shi": "-0.2363"
    },
    {
        "ID": "45",
        "yue": "2",
        "ri": "14",
        "shi": "-0.2355"
    },
    {
        "ID": "46",
        "yue": "2",
        "ri": "15",
        "shi": "-0.2467"
    },
    {
        "ID": "47",
        "yue": "2",
        "ri": "16",
        "shi": "-0.2367"
    },
    {
        "ID": "48",
        "yue": "2",
        "ri": "17",
        "shi": "-0.2322"
    },
    {
        "ID": "49",
        "yue": "2",
        "ri": "18",
        "shi": "-0.2308"
    },
    {
        "ID": "50",
        "yue": "2",
        "ri": "19",
        "shi": "-0.2288"
    },
    {
        "ID": "51",
        "yue": "2",
        "ri": "20",
        "shi": "-0.2272"
    },
    {
        "ID": "52",
        "yue": "2",
        "ri": "21",
        "shi": "-0.225"
    },
    {
        "ID": "53",
        "yue": "2",
        "ri": "22",
        "shi": "-0.2228"
    },
    {
        "ID": "54",
        "yue": "2",
        "ri": "23",
        "shi": "-0.2203"
    },
    {
        "ID": "55",
        "yue": "2",
        "ri": "24",
        "shi": "-0.195"
    },
    {
        "ID": "56",
        "yue": "2",
        "ri": "25",
        "shi": "-0.215"
    },
    {
        "ID": "57",
        "yue": "2",
        "ri": "26",
        "shi": "-0.212"
    },
    {
        "ID": "58",
        "yue": "2",
        "ri": "27",
        "shi": "-0.2088"
    },
    {
        "ID": "59",
        "yue": "2",
        "ri": "28",
        "shi": "-0.2058"
    },
    {
        "ID": "60",
        "yue": "2",
        "ri": "29",
        "shi": "-0.2022"
    },
    {
        "ID": "61",
        "yue": "3",
        "ri": "1",
        "shi": "-0.1988"
    },
    {
        "ID": "62",
        "yue": "3",
        "ri": "2",
        "shi": "-0.1953"
    },
    {
        "ID": "63",
        "yue": "3",
        "ri": "3",
        "shi": "-0.1913"
    },
    {
        "ID": "64",
        "yue": "3",
        "ri": "4",
        "shi": "-0.1875"
    },
    {
        "ID": "65",
        "yue": "3",
        "ri": "5",
        "shi": "-0.1867"
    },
    {
        "ID": "66",
        "yue": "3",
        "ri": "6",
        "shi": "-0.1797"
    },
    {
        "ID": "67",
        "yue": "3",
        "ri": "7",
        "shi": "-0.1755"
    },
    {
        "ID": "68",
        "yue": "3",
        "ri": "8",
        "shi": "-0.1712"
    },
    {
        "ID": "69",
        "yue": "3",
        "ri": "9",
        "shi": "-0.17"
    },
    {
        "ID": "70",
        "yue": "3",
        "ri": "10",
        "shi": "-0.1625"
    },
    {
        "ID": "71",
        "yue": "3",
        "ri": "11",
        "shi": "-0.1578"
    },
    {
        "ID": "72",
        "yue": "3",
        "ri": "12",
        "shi": "-0.1533"
    },
    {
        "ID": "73",
        "yue": "3",
        "ri": "13",
        "shi": "-0.1487"
    },
    {
        "ID": "74",
        "yue": "3",
        "ri": "14",
        "shi": "-0.1438"
    },
    {
        "ID": "75",
        "yue": "3",
        "ri": "15",
        "shi": "-0.1392"
    },
    {
        "ID": "76",
        "yue": "3",
        "ri": "16",
        "shi": "-0.145"
    },
    {
        "ID": "77",
        "yue": "3",
        "ri": "17",
        "shi": "-0.1295"
    },
    {
        "ID": "78",
        "yue": "3",
        "ri": "18",
        "shi": "-0.1247"
    },
    {
        "ID": "79",
        "yue": "3",
        "ri": "19",
        "shi": "-0.1197"
    },
    {
        "ID": "80",
        "yue": "3",
        "ri": "20",
        "shi": "-0.1147"
    },
    {
        "ID": "81",
        "yue": "3",
        "ri": "21",
        "shi": "-0.1097"
    },
    {
        "ID": "82",
        "yue": "3",
        "ri": "22",
        "shi": "-0.1047"
    },
    {
        "ID": "83",
        "yue": "3",
        "ri": "23",
        "shi": "-0.0995"
    },
    {
        "ID": "84",
        "yue": "3",
        "ri": "24",
        "shi": "-0.0945"
    },
    {
        "ID": "85",
        "yue": "3",
        "ri": "25",
        "shi": "-0.0895"
    },
    {
        "ID": "86",
        "yue": "3",
        "ri": "26",
        "shi": "-0.095"
    },
    {
        "ID": "87",
        "yue": "3",
        "ri": "27",
        "shi": "-0.0792"
    },
    {
        "ID": "88",
        "yue": "3",
        "ri": "28",
        "shi": "-0.0742"
    },
    {
        "ID": "89",
        "yue": "3",
        "ri": "29",
        "shi": "-0.0692"
    },
    {
        "ID": "90",
        "yue": "3",
        "ri": "30",
        "shi": "-0.0642"
    },
    {
        "ID": "91",
        "yue": "3",
        "ri": "31",
        "shi": "-0.0592"
    },
    {
        "ID": "92",
        "yue": "4",
        "ri": "1",
        "shi": "-0.0545"
    },
    {
        "ID": "93",
        "yue": "4",
        "ri": "2",
        "shi": "-0.0495"
    },
    {
        "ID": "94",
        "yue": "4",
        "ri": "3",
        "shi": "-0.0447"
    },
    {
        "ID": "95",
        "yue": "4",
        "ri": "4",
        "shi": "-0.04"
    },
    {
        "ID": "96",
        "yue": "4",
        "ri": "5",
        "shi": "-0.0353"
    },
    {
        "ID": "97",
        "yue": "4",
        "ri": "6",
        "shi": "-0.0305"
    },
    {
        "ID": "98",
        "yue": "4",
        "ri": "7",
        "shi": "-0.0258"
    },
    {
        "ID": "99",
        "yue": "4",
        "ri": "8",
        "shi": "-0.0213"
    },
    {
        "ID": "100",
        "yue": "4",
        "ri": "9",
        "shi": "-0.02"
    },
    {
        "ID": "101",
        "yue": "4",
        "ri": "10",
        "shi": "0.0128"
    },
    {
        "ID": "102",
        "yue": "4",
        "ri": "11",
        "shi": "0.0083"
    },
    {
        "ID": "103",
        "yue": "4",
        "ri": "12",
        "shi": "0.0045"
    },
    {
        "ID": "104",
        "yue": "4",
        "ri": "13",
        "shi": "0.0033"
    },
    {
        "ID": "105",
        "yue": "4",
        "ri": "14",
        "shi": "0.0037"
    },
    {
        "ID": "106",
        "yue": "4",
        "ri": "15",
        "shi": "0.0075"
    },
    {
        "ID": "107",
        "yue": "4",
        "ri": "16",
        "shi": "0.0113"
    },
    {
        "ID": "108",
        "yue": "4",
        "ri": "17",
        "shi": "0.015"
    },
    {
        "ID": "109",
        "yue": "4",
        "ri": "18",
        "shi": "0.0183"
    },
    {
        "ID": "110",
        "yue": "4",
        "ri": "19",
        "shi": "0.022"
    },
    {
        "ID": "111",
        "yue": "4",
        "ri": "20",
        "shi": "0.0253"
    },
    {
        "ID": "112",
        "yue": "4",
        "ri": "21",
        "shi": "0.0283"
    },
    {
        "ID": "113",
        "yue": "4",
        "ri": "22",
        "shi": "0.0313"
    },
    {
        "ID": "114",
        "yue": "4",
        "ri": "23",
        "shi": "0.045"
    },
    {
        "ID": "115",
        "yue": "4",
        "ri": "24",
        "shi": "0.0372"
    },
    {
        "ID": "116",
        "yue": "4",
        "ri": "25",
        "shi": "0.0397"
    },
    {
        "ID": "117",
        "yue": "4",
        "ri": "26",
        "shi": "0.0425"
    },
    {
        "ID": "118",
        "yue": "4",
        "ri": "27",
        "shi": "0.0447"
    },
    {
        "ID": "119",
        "yue": "4",
        "ri": "28",
        "shi": "0.047"
    },
    {
        "ID": "120",
        "yue": "4",
        "ri": "29",
        "shi": "0.0492"
    },
    {
        "ID": "121",
        "yue": "4",
        "ri": "30",
        "shi": "0.0617"
    },
    {
        "ID": "122",
        "yue": "5",
        "ri": "1",
        "shi": "0.0195"
    },
    {
        "ID": "123",
        "yue": "5",
        "ri": "2",
        "shi": "0.0545"
    },
    {
        "ID": "124",
        "yue": "5",
        "ri": "3",
        "shi": "0.0558"
    },
    {
        "ID": "125",
        "yue": "5",
        "ri": "4",
        "shi": "0.0572"
    },
    {
        "ID": "126",
        "yue": "5",
        "ri": "5",
        "shi": "0.0583"
    },
    {
        "ID": "127",
        "yue": "5",
        "ri": "6",
        "shi": "0.0603"
    },
    {
        "ID": "128",
        "yue": "5",
        "ri": "7",
        "shi": "0.06"
    },
    {
        "ID": "129",
        "yue": "5",
        "ri": "8",
        "shi": "0.0608"
    },
    {
        "ID": "130",
        "yue": "5",
        "ri": "9",
        "shi": "0.0612"
    },
    {
        "ID": "131",
        "yue": "5",
        "ri": "10",
        "shi": "0.0617"
    },
    {
        "ID": "132",
        "yue": "5",
        "ri": "11",
        "shi": "0.0617"
    },
    {
        "ID": "133",
        "yue": "5",
        "ri": "12",
        "shi": "0.0617"
    },
    {
        "ID": "134",
        "yue": "5",
        "ri": "13",
        "shi": "0.0617"
    },
    {
        "ID": "135",
        "yue": "5",
        "ri": "14",
        "shi": "0.0613"
    },
    {
        "ID": "136",
        "yue": "5",
        "ri": "15",
        "shi": "0.0608"
    },
    {
        "ID": "137",
        "yue": "5",
        "ri": "16",
        "shi": "0.0603"
    },
    {
        "ID": "138",
        "yue": "5",
        "ri": "17",
        "shi": "0.0595"
    },
    {
        "ID": "139",
        "yue": "5",
        "ri": "18",
        "shi": "0.0587"
    },
    {
        "ID": "140",
        "yue": "5",
        "ri": "19",
        "shi": "0.0575"
    },
    {
        "ID": "141",
        "yue": "5",
        "ri": "20",
        "shi": "0.0563"
    },
    {
        "ID": "142",
        "yue": "5",
        "ri": "21",
        "shi": "0.055"
    },
    {
        "ID": "143",
        "yue": "5",
        "ri": "22",
        "shi": "0.0537"
    },
    {
        "ID": "144",
        "yue": "5",
        "ri": "23",
        "shi": "0.052"
    },
    {
        "ID": "145",
        "yue": "5",
        "ri": "24",
        "shi": "0.0533"
    },
    {
        "ID": "146",
        "yue": "5",
        "ri": "25",
        "shi": "0.0483"
    },
    {
        "ID": "147",
        "yue": "5",
        "ri": "26",
        "shi": "0.0463"
    },
    {
        "ID": "148",
        "yue": "5",
        "ri": "27",
        "shi": "0.0442"
    },
    {
        "ID": "149",
        "yue": "5",
        "ri": "28",
        "shi": "0.042"
    },
    {
        "ID": "150",
        "yue": "5",
        "ri": "29",
        "shi": "0.0395"
    },
    {
        "ID": "151",
        "yue": "5",
        "ri": "30",
        "shi": "0.037"
    },
    {
        "ID": "152",
        "yue": "5",
        "ri": "31",
        "shi": "0.045"
    },
    {
        "ID": "153",
        "yue": "6",
        "ri": "1",
        "shi": "0.0317"
    },
    {
        "ID": "154",
        "yue": "6",
        "ri": "2",
        "shi": "0.0288"
    },
    {
        "ID": "155",
        "yue": "6",
        "ri": "3",
        "shi": "0.0262"
    },
    {
        "ID": "156",
        "yue": "6",
        "ri": "4",
        "shi": "0.023"
    },
    {
        "ID": "157",
        "yue": "6",
        "ri": "5",
        "shi": "0.02"
    },
    {
        "ID": "158",
        "yue": "6",
        "ri": "6",
        "shi": "0.0167"
    },
    {
        "ID": "159",
        "yue": "6",
        "ri": "7",
        "shi": "0.0133"
    },
    {
        "ID": "160",
        "yue": "6",
        "ri": "8",
        "shi": "0.01"
    },
    {
        "ID": "161",
        "yue": "6",
        "ri": "9",
        "shi": "0.0067"
    },
    {
        "ID": "162",
        "yue": "6",
        "ri": "10",
        "shi": "0.0033"
    },
    {
        "ID": "163",
        "yue": "6",
        "ri": "11",
        "shi": "0.0033"
    },
    {
        "ID": "164",
        "yue": "6",
        "ri": "12",
        "shi": "0.0038"
    },
    {
        "ID": "165",
        "yue": "6",
        "ri": "13",
        "shi": "0.0108"
    },
    {
        "ID": "166",
        "yue": "6",
        "ri": "14",
        "shi": "0.0145"
    },
    {
        "ID": "167",
        "yue": "6",
        "ri": "15",
        "shi": "-0.03"
    },
    {
        "ID": "168",
        "yue": "6",
        "ri": "16",
        "shi": "-0.0217"
    },
    {
        "ID": "169",
        "yue": "6",
        "ri": "17",
        "shi": "-0.0253"
    },
    {
        "ID": "170",
        "yue": "6",
        "ri": "18",
        "shi": "-0.0292"
    },
    {
        "ID": "171",
        "yue": "6",
        "ri": "19",
        "shi": "-0.0325"
    },
    {
        "ID": "172",
        "yue": "6",
        "ri": "20",
        "shi": "-0.0362"
    },
    {
        "ID": "173",
        "yue": "6",
        "ri": "21",
        "shi": "-0.0397"
    },
    {
        "ID": "174",
        "yue": "6",
        "ri": "22",
        "shi": "-0.0433"
    },
    {
        "ID": "175",
        "yue": "6",
        "ri": "23",
        "shi": "-0.0467"
    },
    {
        "ID": "176",
        "yue": "6",
        "ri": "24",
        "shi": "-0.0533"
    },
    {
        "ID": "177",
        "yue": "6",
        "ri": "25",
        "shi": "-0.0537"
    },
    {
        "ID": "178",
        "yue": "6",
        "ri": "26",
        "shi": "-0.057"
    },
    {
        "ID": "179",
        "yue": "6",
        "ri": "27",
        "shi": "-0.0603"
    },
    {
        "ID": "180",
        "yue": "6",
        "ri": "28",
        "shi": "-0.0637"
    },
    {
        "ID": "181",
        "yue": "6",
        "ri": "29",
        "shi": "-0.0667"
    },
    {
        "ID": "182",
        "yue": "6",
        "ri": "30",
        "shi": "-0.0697"
    },
    {
        "ID": "183",
        "yue": "7",
        "ri": "1",
        "shi": "-0.0728"
    },
    {
        "ID": "184",
        "yue": "7",
        "ri": "2",
        "shi": "-0.0758"
    },
    {
        "ID": "185",
        "yue": "7",
        "ri": "3",
        "shi": "-0.0787"
    },
    {
        "ID": "186",
        "yue": "7",
        "ri": "4",
        "shi": "-0.0813"
    },
    {
        "ID": "187",
        "yue": "7",
        "ri": "5",
        "shi": "-0.0883"
    },
    {
        "ID": "188",
        "yue": "7",
        "ri": "6",
        "shi": "-0.0863"
    },
    {
        "ID": "189",
        "yue": "7",
        "ri": "7",
        "shi": "-0.0888"
    },
    {
        "ID": "190",
        "yue": "7",
        "ri": "8",
        "shi": "-0.0912"
    },
    {
        "ID": "191",
        "yue": "7",
        "ri": "9",
        "shi": "-0.0933"
    },
    {
        "ID": "192",
        "yue": "7",
        "ri": "10",
        "shi": "-0.0953"
    },
    {
        "ID": "193",
        "yue": "7",
        "ri": "11",
        "shi": "-0.0972"
    },
    {
        "ID": "194",
        "yue": "7",
        "ri": "12",
        "shi": "-0.0988"
    },
    {
        "ID": "195",
        "yue": "7",
        "ri": "13",
        "shi": "-0.105"
    },
    {
        "ID": "196",
        "yue": "7",
        "ri": "14",
        "shi": "-0.1022"
    },
    {
        "ID": "197",
        "yue": "7",
        "ri": "15",
        "shi": "-0.1033"
    },
    {
        "ID": "198",
        "yue": "7",
        "ri": "16",
        "shi": "-0.1045"
    },
    {
        "ID": "199",
        "yue": "7",
        "ri": "17",
        "shi": "-0.1055"
    },
    {
        "ID": "200",
        "yue": "7",
        "ri": "18",
        "shi": "-0.1063"
    },
    {
        "ID": "201",
        "yue": "7",
        "ri": "19",
        "shi": "-0.107"
    },
    {
        "ID": "202",
        "yue": "7",
        "ri": "20",
        "shi": "-0.1075"
    },
    {
        "ID": "203",
        "yue": "7",
        "ri": "21",
        "shi": "-0.108"
    },
    {
        "ID": "204",
        "yue": "7",
        "ri": "22",
        "shi": "-0.108"
    },
    {
        "ID": "205",
        "yue": "7",
        "ri": "23",
        "shi": "-0.108"
    },
    {
        "ID": "206",
        "yue": "7",
        "ri": "24",
        "shi": "-0.108"
    },
    {
        "ID": "207",
        "yue": "7",
        "ri": "25",
        "shi": "-0.1078"
    },
    {
        "ID": "208",
        "yue": "7",
        "ri": "26",
        "shi": "-0.1072"
    },
    {
        "ID": "209",
        "yue": "7",
        "ri": "27",
        "shi": "-0.1067"
    },
    {
        "ID": "210",
        "yue": "7",
        "ri": "28",
        "shi": "-0.1058"
    },
    {
        "ID": "211",
        "yue": "7",
        "ri": "29",
        "shi": "-0.1047"
    },
    {
        "ID": "212",
        "yue": "7",
        "ri": "30",
        "shi": "-0.1037"
    },
    {
        "ID": "213",
        "yue": "7",
        "ri": "31",
        "shi": "-0.1022"
    },
    {
        "ID": "214",
        "yue": "8",
        "ri": "1",
        "shi": "-0.1083"
    },
    {
        "ID": "215",
        "yue": "8",
        "ri": "2",
        "shi": "-0.0992"
    },
    {
        "ID": "216",
        "yue": "8",
        "ri": "3",
        "shi": "-0.0975"
    },
    {
        "ID": "217",
        "yue": "8",
        "ri": "4",
        "shi": "-0.0955"
    },
    {
        "ID": "218",
        "yue": "8",
        "ri": "5",
        "shi": "-0.0933"
    },
    {
        "ID": "219",
        "yue": "8",
        "ri": "6",
        "shi": "-0.0912"
    },
    {
        "ID": "220",
        "yue": "8",
        "ri": "7",
        "shi": "-0.0887"
    },
    {
        "ID": "221",
        "yue": "8",
        "ri": "8",
        "shi": "-0.0862"
    },
    {
        "ID": "222",
        "yue": "8",
        "ri": "9",
        "shi": "-0.0833"
    },
    {
        "ID": "223",
        "yue": "8",
        "ri": "10",
        "shi": "-0.0805"
    },
    {
        "ID": "224",
        "yue": "8",
        "ri": "11",
        "shi": "-0.0775"
    },
    {
        "ID": "225",
        "yue": "8",
        "ri": "12",
        "shi": "-0.0742"
    },
    {
        "ID": "226",
        "yue": "8",
        "ri": "13",
        "shi": "-0.0708"
    },
    {
        "ID": "227",
        "yue": "8",
        "ri": "14",
        "shi": "-0.0717"
    },
    {
        "ID": "228",
        "yue": "8",
        "ri": "15",
        "shi": "-0.0637"
    },
    {
        "ID": "229",
        "yue": "8",
        "ri": "16",
        "shi": "-0.06"
    },
    {
        "ID": "230",
        "yue": "8",
        "ri": "17",
        "shi": "-0.0558"
    },
    {
        "ID": "231",
        "yue": "8",
        "ri": "18",
        "shi": "-0.052"
    },
    {
        "ID": "232",
        "yue": "8",
        "ri": "19",
        "shi": "-0.0475"
    },
    {
        "ID": "233",
        "yue": "8",
        "ri": "20",
        "shi": "-0.0433"
    },
    {
        "ID": "234",
        "yue": "8",
        "ri": "21",
        "shi": "-0.0388"
    },
    {
        "ID": "235",
        "yue": "8",
        "ri": "22",
        "shi": "-0.0417"
    },
    {
        "ID": "236",
        "yue": "8",
        "ri": "23",
        "shi": "-0.0297"
    },
    {
        "ID": "237",
        "yue": "8",
        "ri": "24",
        "shi": "-0.0247"
    },
    {
        "ID": "238",
        "yue": "8",
        "ri": "25",
        "shi": "-0.02"
    },
    {
        "ID": "239",
        "yue": "8",
        "ri": "26",
        "shi": "0.015"
    },
    {
        "ID": "240",
        "yue": "8",
        "ri": "27",
        "shi": "0.0097"
    },
    {
        "ID": "241",
        "yue": "8",
        "ri": "28",
        "shi": "0.0047"
    },
    {
        "ID": "242",
        "yue": "8",
        "ri": "29",
        "shi": "0.005"
    },
    {
        "ID": "243",
        "yue": "8",
        "ri": "30",
        "shi": "0.0058"
    },
    {
        "ID": "244",
        "yue": "8",
        "ri": "31",
        "shi": "0.0113"
    },
    {
        "ID": "245",
        "yue": "9",
        "ri": "1",
        "shi": "0.0167"
    },
    {
        "ID": "246",
        "yue": "9",
        "ri": "2",
        "shi": "0.0222"
    },
    {
        "ID": "247",
        "yue": "9",
        "ri": "3",
        "shi": "0.0278"
    },
    {
        "ID": "248",
        "yue": "9",
        "ri": "4",
        "shi": "0.0367"
    },
    {
        "ID": "249",
        "yue": "9",
        "ri": "5",
        "shi": "0.0392"
    },
    {
        "ID": "250",
        "yue": "9",
        "ri": "6",
        "shi": "0.045"
    },
    {
        "ID": "251",
        "yue": "9",
        "ri": "7",
        "shi": "0.0583"
    },
    {
        "ID": "252",
        "yue": "9",
        "ri": "8",
        "shi": "0.0583"
    },
    {
        "ID": "253",
        "yue": "9",
        "ri": "9",
        "shi": "0.0567"
    },
    {
        "ID": "254",
        "yue": "9",
        "ri": "10",
        "shi": "0.0625"
    },
    {
        "ID": "255",
        "yue": "9",
        "ri": "11",
        "shi": "0.0683"
    },
    {
        "ID": "256",
        "yue": "9",
        "ri": "12",
        "shi": "0.0742"
    },
    {
        "ID": "257",
        "yue": "9",
        "ri": "13",
        "shi": "0.08"
    },
    {
        "ID": "258",
        "yue": "9",
        "ri": "14",
        "shi": "0.0862"
    },
    {
        "ID": "259",
        "yue": "9",
        "ri": "15",
        "shi": "0.092"
    },
    {
        "ID": "260",
        "yue": "9",
        "ri": "16",
        "shi": "0.098"
    },
    {
        "ID": "261",
        "yue": "9",
        "ri": "17",
        "shi": "0.1038"
    },
    {
        "ID": "262",
        "yue": "9",
        "ri": "18",
        "shi": "0.1097"
    },
    {
        "ID": "263",
        "yue": "9",
        "ri": "19",
        "shi": "0.1158"
    },
    {
        "ID": "264",
        "yue": "9",
        "ri": "20",
        "shi": "0.1217"
    },
    {
        "ID": "265",
        "yue": "9",
        "ri": "21",
        "shi": "0.1275"
    },
    {
        "ID": "266",
        "yue": "9",
        "ri": "22",
        "shi": "0.1333"
    },
    {
        "ID": "267",
        "yue": "9",
        "ri": "23",
        "shi": "0.1392"
    },
    {
        "ID": "268",
        "yue": "9",
        "ri": "24",
        "shi": "0.145"
    },
    {
        "ID": "269",
        "yue": "9",
        "ri": "25",
        "shi": "0.155"
    },
    {
        "ID": "270",
        "yue": "9",
        "ri": "26",
        "shi": "0.1562"
    },
    {
        "ID": "271",
        "yue": "9",
        "ri": "27",
        "shi": "0.1617"
    },
    {
        "ID": "272",
        "yue": "9",
        "ri": "28",
        "shi": "0.1717"
    },
    {
        "ID": "273",
        "yue": "9",
        "ri": "29",
        "shi": "0.1725"
    },
    {
        "ID": "274",
        "yue": "9",
        "ri": "30",
        "shi": "0.1778"
    },
    {
        "ID": "275",
        "yue": "10",
        "ri": "1",
        "shi": "0.183"
    },
    {
        "ID": "276",
        "yue": "10",
        "ri": "2",
        "shi": "0.1883"
    },
    {
        "ID": "277",
        "yue": "10",
        "ri": "3",
        "shi": "0.1933"
    },
    {
        "ID": "278",
        "yue": "10",
        "ri": "4",
        "shi": "0.1933"
    },
    {
        "ID": "279",
        "yue": "10",
        "ri": "5",
        "shi": "0.198"
    },
    {
        "ID": "280",
        "yue": "10",
        "ri": "6",
        "shi": "0.203"
    },
    {
        "ID": "281",
        "yue": "10",
        "ri": "7",
        "shi": "0.2078"
    },
    {
        "ID": "282",
        "yue": "10",
        "ri": "8",
        "shi": "0.2122"
    },
    {
        "ID": "283",
        "yue": "10",
        "ri": "9",
        "shi": "0.2017"
    },
    {
        "ID": "284",
        "yue": "10",
        "ri": "10",
        "shi": "0.2212"
    },
    {
        "ID": "285",
        "yue": "10",
        "ri": "11",
        "shi": "0.2212"
    },
    {
        "ID": "286",
        "yue": "10",
        "ri": "12",
        "shi": "0.2253"
    },
    {
        "ID": "287",
        "yue": "10",
        "ri": "13",
        "shi": "0.2292"
    },
    {
        "ID": "288",
        "yue": "10",
        "ri": "14",
        "shi": "0.233"
    },
    {
        "ID": "289",
        "yue": "10",
        "ri": "15",
        "shi": "0.237"
    },
    {
        "ID": "290",
        "yue": "10",
        "ri": "16",
        "shi": "0.2405"
    },
    {
        "ID": "291",
        "yue": "10",
        "ri": "17",
        "shi": "0.2438"
    },
    {
        "ID": "292",
        "yue": "10",
        "ri": "18",
        "shi": "0.2472"
    },
    {
        "ID": "293",
        "yue": "10",
        "ri": "19",
        "shi": "0.2533"
    },
    {
        "ID": "294",
        "yue": "10",
        "ri": "20",
        "shi": "0.2533"
    },
    {
        "ID": "295",
        "yue": "10",
        "ri": "21",
        "shi": "0.2558"
    },
    {
        "ID": "296",
        "yue": "10",
        "ri": "22",
        "shi": "0.2587"
    },
    {
        "ID": "297",
        "yue": "10",
        "ri": "23",
        "shi": "0.2612"
    },
    {
        "ID": "298",
        "yue": "10",
        "ri": "24",
        "shi": "0.2633"
    },
    {
        "ID": "299",
        "yue": "10",
        "ri": "25",
        "shi": "0.2653"
    },
    {
        "ID": "300",
        "yue": "10",
        "ri": "26",
        "shi": "0.27"
    },
    {
        "ID": "301",
        "yue": "10",
        "ri": "27",
        "shi": "0.2687"
    },
    {
        "ID": "302",
        "yue": "10",
        "ri": "28",
        "shi": "0.27"
    },
    {
        "ID": "303",
        "yue": "10",
        "ri": "29",
        "shi": "0.2712"
    },
    {
        "ID": "304",
        "yue": "10",
        "ri": "30",
        "shi": "0.2722"
    },
    {
        "ID": "305",
        "yue": "10",
        "ri": "31",
        "shi": "0.2728"
    },
    {
        "ID": "306",
        "yue": "11",
        "ri": "1",
        "shi": "0.2733"
    },
    {
        "ID": "307",
        "yue": "11",
        "ri": "2",
        "shi": "0.2737"
    },
    {
        "ID": "308",
        "yue": "11",
        "ri": "3",
        "shi": "0.2737"
    },
    {
        "ID": "309",
        "yue": "11",
        "ri": "4",
        "shi": "0.2733"
    },
    {
        "ID": "310",
        "yue": "11",
        "ri": "5",
        "shi": "0.273"
    },
    {
        "ID": "311",
        "yue": "11",
        "ri": "6",
        "shi": "0.2725"
    },
    {
        "ID": "312",
        "yue": "11",
        "ri": "7",
        "shi": "0.2713"
    },
    {
        "ID": "313",
        "yue": "11",
        "ri": "8",
        "shi": "0.2703"
    },
    {
        "ID": "314",
        "yue": "11",
        "ri": "9",
        "shi": "0.2692"
    },
    {
        "ID": "315",
        "yue": "11",
        "ri": "10",
        "shi": "0.275"
    },
    {
        "ID": "316",
        "yue": "11",
        "ri": "11",
        "shi": "0.2655"
    },
    {
        "ID": "317",
        "yue": "11",
        "ri": "12",
        "shi": "0.2637"
    },
    {
        "ID": "318",
        "yue": "11",
        "ri": "13",
        "shi": "0.2613"
    },
    {
        "ID": "319",
        "yue": "11",
        "ri": "14",
        "shi": "0.2588"
    },
    {
        "ID": "320",
        "yue": "11",
        "ri": "15",
        "shi": "0.2562"
    },
    {
        "ID": "321",
        "yue": "11",
        "ri": "16",
        "shi": "0.253"
    },
    {
        "ID": "322",
        "yue": "11",
        "ri": "17",
        "shi": "0.235"
    },
    {
        "ID": "323",
        "yue": "11",
        "ri": "18",
        "shi": "0.2463"
    },
    {
        "ID": "324",
        "yue": "11",
        "ri": "19",
        "shi": "0.2428"
    },
    {
        "ID": "325",
        "yue": "11",
        "ri": "20",
        "shi": "0.2388"
    },
    {
        "ID": "326",
        "yue": "11",
        "ri": "21",
        "shi": "0.235"
    },
    {
        "ID": "327",
        "yue": "11",
        "ri": "22",
        "shi": "0.2305"
    },
    {
        "ID": "328",
        "yue": "11",
        "ri": "23",
        "shi": "0.2262"
    },
    {
        "ID": "329",
        "yue": "11",
        "ri": "24",
        "shi": "0.2213"
    },
    {
        "ID": "330",
        "yue": "11",
        "ri": "25",
        "shi": "0.2163"
    },
    {
        "ID": "331",
        "yue": "11",
        "ri": "26",
        "shi": "0.2112"
    },
    {
        "ID": "332",
        "yue": "11",
        "ri": "27",
        "shi": "0.2058"
    },
    {
        "ID": "333",
        "yue": "11",
        "ri": "28",
        "shi": "0.2033"
    },
    {
        "ID": "334",
        "yue": "11",
        "ri": "29",
        "shi": "0.1945"
    },
    {
        "ID": "335",
        "yue": "11",
        "ri": "30",
        "shi": "0.1883"
    },
    {
        "ID": "336",
        "yue": "12",
        "ri": "1",
        "shi": "0.1822"
    },
    {
        "ID": "337",
        "yue": "12",
        "ri": "2",
        "shi": "0.1758"
    },
    {
        "ID": "338",
        "yue": "12",
        "ri": "3",
        "shi": "0.1692"
    },
    {
        "ID": "339",
        "yue": "12",
        "ri": "4",
        "shi": "0.1625"
    },
    {
        "ID": "340",
        "yue": "12",
        "ri": "5",
        "shi": "0.1558"
    },
    {
        "ID": "341",
        "yue": "12",
        "ri": "6",
        "shi": "0.1487"
    },
    {
        "ID": "342",
        "yue": "12",
        "ri": "7",
        "shi": "0.1413"
    },
    {
        "ID": "343",
        "yue": "12",
        "ri": "8",
        "shi": "0.1417"
    },
    {
        "ID": "344",
        "yue": "12",
        "ri": "9",
        "shi": "0.1267"
    },
    {
        "ID": "345",
        "yue": "12",
        "ri": "10",
        "shi": "0.1192"
    },
    {
        "ID": "346",
        "yue": "12",
        "ri": "11",
        "shi": "0.1117"
    },
    {
        "ID": "347",
        "yue": "12",
        "ri": "12",
        "shi": "0.1038"
    },
    {
        "ID": "348",
        "yue": "12",
        "ri": "13",
        "shi": "0.0962"
    },
    {
        "ID": "349",
        "yue": "12",
        "ri": "14",
        "shi": "0.088"
    },
    {
        "ID": "350",
        "yue": "12",
        "ri": "15",
        "shi": "0.08"
    },
    {
        "ID": "351",
        "yue": "12",
        "ri": "16",
        "shi": "0.072"
    },
    {
        "ID": "352",
        "yue": "12",
        "ri": "17",
        "shi": "0.0638"
    },
    {
        "ID": "353",
        "yue": "12",
        "ri": "18",
        "shi": "0.0558"
    },
    {
        "ID": "354",
        "yue": "12",
        "ri": "19",
        "shi": "0.0475"
    },
    {
        "ID": "355",
        "yue": "12",
        "ri": "20",
        "shi": "0.0395"
    },
    {
        "ID": "356",
        "yue": "12",
        "ri": "21",
        "shi": "0.0312"
    },
    {
        "ID": "357",
        "yue": "12",
        "ri": "22",
        "shi": "0.0228"
    },
    {
        "ID": "358",
        "yue": "12",
        "ri": "23",
        "shi": "0.0145"
    },
    {
        "ID": "359",
        "yue": "12",
        "ri": "24",
        "shi": "0.0063"
    },
    {
        "ID": "360",
        "yue": "12",
        "ri": "25",
        "shi": "0.002"
    },
    {
        "ID": "361",
        "yue": "12",
        "ri": "26",
        "shi": "0.0103"
    },
    {
        "ID": "362",
        "yue": "12",
        "ri": "27",
        "shi": "-0.0183"
    },
    {
        "ID": "363",
        "yue": "12",
        "ri": "28",
        "shi": "-0.0267"
    },
    {
        "ID": "364",
        "yue": "12",
        "ri": "29",
        "shi": "-0.0467"
    },
    {
        "ID": "365",
        "yue": "12",
        "ri": "30",
        "shi": "-0.0428"
    },
    {
        "ID": "366",
        "yue": "12",
        "ri": "31",
        "shi": "-0.0583"
    }
]