[
    {
        "id": "1",
        "zhiwen": "xxxxx",
        "jiexi": "温顺有能力，性格朴素，大方正直，有思想泼动，但能讲信用，保持威信。"
    },
    {
        "id": "2",
        "zhiwen": "xxxxo",
        "jiexi": "有毅力，机智灵敏。 但狡猾，好色，一般是贱人。"
    },
    {
        "id": "3",
        "zhiwen": "xxxox",
        "jiexi": "手巧聪明，但沉着性差，多感情。"
    },
    {
        "id": "4",
        "zhiwen": "xxxoo",
        "jiexi": "嘴甜，感情为重，活泼，后果不佳。"
    },
    {
        "id": "5",
        "zhiwen": "xxoxx",
        "jiexi": "较稳重，说话太多，但办事认真。 固执己见，往往多折。"
    },
    {
        "id": "6",
        "zhiwen": "xxoxo",
        "jiexi": "生性粗鲁，好大吹大擂，性情狂热。"
    },
    {
        "id": "7",
        "zhiwen": "xxoox",
        "jiexi": "有钻研的性格，多愁善感。"
    },
    {
        "id": "8",
        "zhiwen": "xxooo",
        "jiexi": "感情丰富，有计划，有活泼能力，办事有思考。"
    },
    {
        "id": "9",
        "zhiwen": "xoxxx",
        "jiexi": "表面是温顺，其实骄傲，但有运气。"
    },
    {
        "id": "10",
        "zhiwen": "xoxxo",
        "jiexi": "冷酷无情，有活动能力，但外表热情。"
    },
    {
        "id": "11",
        "zhiwen": "xoxox",
        "jiexi": "有计划，通情达理，有活动能力，办事彻底。"
    },
    {
        "id": "12",
        "zhiwen": "xoxoo",
        "jiexi": "稳重，有活动能力，官气十足，激于色情。"
    },
    {
        "id": "13",
        "zhiwen": "xooxx",
        "jiexi": "待人接物热情，却有神精质，办事欠思考。"
    },
    {
        "id": "14",
        "zhiwen": "xooxo",
        "jiexi": "爱好文艺，温顺大方，办事认真，但遇事忧豫不决。爱好文艺，温顺大方，办事认真，但遇事忧豫不决。"
    },
    {
        "id": "15",
        "zhiwen": "xooox",
        "jiexi": "感情强烈活波，不甘落后，有自尊心，能干，但不协调周全。"
    },
    {
        "id": "16",
        "zhiwen": "xoooo",
        "jiexi": "能说能干，性情稳重，自尊心强。"
    },
    {
        "id": "17",
        "zhiwen": "oxxxx",
        "jiexi": "性情温和，善于诱人，为人热情，固执己见。"
    },
    {
        "id": "18",
        "zhiwen": "oxxxo",
        "jiexi": "诡辩，吹牛求疵，自已为是，不听旁人劝告。"
    },
    {
        "id": "19",
        "zhiwen": "oxxox",
        "jiexi": "易被利用，理智顽固，感情误事，结果不怎么好。"
    },
    {
        "id": "20",
        "zhiwen": "oxxoo",
        "jiexi": "接受能力强，好动感情，宁愿助人为乐。"
    },
    {
        "id": "21",
        "zhiwen": "oxoxx",
        "jiexi": "办事漂亮，却心情不定，经不起色情考验。"
    },
    {
        "id": "22",
        "zhiwen": "oxoxo",
        "jiexi": "感情丰富，有活动能力，感情用事，顾自己。"
    },
    {
        "id": "23",
        "zhiwen": "oxoox",
        "jiexi": "感情好动，肯钻研，才智过人，通情达理。"
    },
    {
        "id": "24",
        "zhiwen": "oxooo",
        "jiexi": "脑忆力强，个性强，运气好。"
    },
    {
        "id": "25",
        "zhiwen": "ooxxx",
        "jiexi": "求知欲望强，办事协调，文雅好奇。"
    },
    {
        "id": "26",
        "zhiwen": "ooxxo",
        "jiexi": "自私有信念，不听人劝告，善感，多挫折。"
    },
    {
        "id": "27",
        "zhiwen": "ooxox",
        "jiexi": "日日多友，感情深厚，性情开郎。"
    },
    {
        "id": "28",
        "zhiwen": "ooxoo",
        "jiexi": "手巧，有活动能力，爱清洁，表面悠闲，实际内心复杂。"
    },
    {
        "id": "29",
        "zhiwen": "oooxx",
        "jiexi": "信念坚强，好外表，但实际能力差，没毅力，办事虎头蛇尾，不能果断，不彻底。"
    },
    {
        "id": "30",
        "zhiwen": "oooxo",
        "jiexi": "社会经验丰富，性格开郎，灵活，有活动能力。"
    },
    {
        "id": "31",
        "zhiwen": "oooox",
        "jiexi": "稳重有主张，早年生活奔波，遇难不死，晚年好。"
    },
    {
        "id": "32",
        "zhiwen": "ooooo",
        "jiexi": "有信念，办事积极认真努力，能创造，讲究发明，经常体壮，不听人意见。"
    }
]